BRAND,PRODUCT_NAME,LENS_DESIGN,CLEAR_CHANGING_TINT,INDEX,EXTRA_NOTE,LEAD_TIME,UV_400_PRICE_RM,UV_420_BL_PRICE_RM,HIGH_CLARITY_COATING_PRICE_RM,DIA,SPH_MIN,SPH_MAX,CYL_MIN,CYL_MAX,DURABILITY_LEVEL,TINT_OPTION,TINT_SURCHARGE,VIEWING_STYLE,MF_VIEWING,MF_ZONE,MF_TIER,MF_PERSONALIZATION,SV_PERSONALIZATION
Rodenstock , Impression B.I.G. Norm,Progressive,CLEAR,1.54,-,7,4000,4550, -,70,6,-8,0,-4,STANDARD,Yes,150,-,Expert,Equal,Double,Full,
Rodenstock , Impression B.I.G. Norm,Progressive,CLEAR,1.6,-,7,4350,4950, -,70,6,-10,0,-6,STANDARD,Yes,150,-,Expert,Equal,Double,Full,
Rodenstock , Impression B.I.G. Norm,Progressive,CLEAR,1.67,-,7,4750,5350, -,70,6,-13,0,-6,STANDARD,Yes,150,-,Expert,Equal,Double,Full,
Rodenstock , Impression B.I.G. Norm,Progressive,CLEAR,1.74,-,7,6250,6850, -,70,6,-14,0,-6,STANDARD,Yes,150,-,Expert,Equal,Double,Full,
Rodenstock , Multigressiv B.I.G. Norm,Progressive,CLEAR,1.54,-,7,3450,4000, -,70,6,-8,0,-4,STANDARD,Yes,150,-,Expert,Equal,Double,Partial,
Rodenstock , Multigressiv B.I.G. Norm,Progressive,CLEAR,1.6,-,7,3800,4400, -,70,6,-10,0,-6,STANDARD,Yes,150,-,Expert,Equal,Double,Partial,
Rodenstock , Multigressiv B.I.G. Norm,Progressive,CLEAR,1.67,-,7,4200,4800, -,70,6,-13,0,-6,STANDARD,Yes,150,-,Expert,Equal,Double,Partial,
Rodenstock , Multigressiv B.I.G. Norm,Progressive,CLEAR,1.74,-,7,5700,6300, -,70,6,-14,0,-6,STANDARD,Yes,150,-,Expert,Equal,Double,Partial,
Rodenstock , Multigressiv Mylife 2,Progressive,CLEAR,1.54,-,7,2850,3450, -,70,6,-8,0,-4,STANDARD,Yes,150,-,Expert,Equal,Single,Partial,
Rodenstock , Multigressiv Mylife 2,Progressive,CLEAR,1.6,-,7,3250,3850, -,70,6,-10,0,-6,STANDARD,Yes,150,-,Expert,Equal,Single,Partial,
Rodenstock , Multigressiv Mylife 2,Progressive,CLEAR,1.67,-,7,3650,4250, -,70,6,-13,0,-6,STANDARD,Yes,150,-,Expert,Equal,Single,Partial,
Rodenstock , Multigressiv Mylife 2,Progressive,PHOTOCHROMIC,1.54,ColorMatic Grey,7,-,3800, -,70,6,-8,0,-4,STANDARD,No,0,-,Expert,Equal,Single,Partial,
Rodenstock , Multigressiv Mylife 2,Progressive,PHOTOCHROMIC,1.6,ColorMatic Grey,7,-,4200, -,70,6,-10,0,-6,STANDARD,No,0,-,Expert,Equal,Single,Partial,
Rodenstock , Multigressiv B.I.G. Norm,Progressive,PHOTOCHROMIC,1.54,ColorMatic Grey,7,-,4400, -,70,6,-8,0,-4,STANDARD,No,0,-,Expert,Equal,Double,Partial,
Rodenstock , Multigressiv Mylife 2,Progressive,PHOTOCHROMIC,1.67,ColorMatic Grey,7,-,4600, -,70,6,-13,0,-6,STANDARD,No,0,-,Expert,Equal,Single,Partial,
Rodenstock , Multigressiv B.I.G. Norm,Progressive,PHOTOCHROMIC,1.6,ColorMatic Grey,7,-,4850, -,70,6,-10,0,-6,STANDARD,No,0,-,Expert,Equal,Double,Partial,
Rodenstock , Impression B.I.G. Norm,Progressive,PHOTOCHROMIC,1.54,ColorMatic Grey,7,-,4950, -,70,6,-8,0,-4,STANDARD,No,0,-,Expert,Equal,Double,Full,
Rodenstock , Multigressiv B.I.G. Norm,Progressive,PHOTOCHROMIC,1.67,ColorMatic Grey,7,-,5150, -,70,6,-13,0,-6,STANDARD,No,0,-,Expert,Equal,Double,Partial,
Rodenstock , Impression B.I.G. Norm,Progressive,PHOTOCHROMIC,1.6,ColorMatic Grey,7,-,5400, -,70,6,-10,0,-6,STANDARD,No,0,-,Expert,Equal,Double,Full,
Rodenstock , Impression B.I.G. Norm,Progressive,PHOTOCHROMIC,1.67,ColorMatic Grey,7,-,5700, -,70,6,-13,0,-6,STANDARD,No,0,-,Expert,Equal,Double,Full,
Rodenstock , Impression B.I.G. Norm,Progressive,POLARIZED,1.54, Grey,7,4800, -, -,70,6,-6,0,-6,STANDARD,No,0,-,Expert,Equal,Double,Full,
Rodenstock , Impression B.I.G. Norm,Progressive,POLARIZED,1.6, Grey,7,5150, -, -,70,6,-6,0,-6,STANDARD,No,0,-,Expert,Equal,Double,Full,
Rodenstock , Multigressiv B.I.G. Norm,Progressive,POLARIZED,1.54, Grey,7,3850, -, -,70,6,-6,0,-6,STANDARD,No,0,-,Expert,Equal,Double,Partial,
Rodenstock , Multigressiv B.I.G. Norm,Progressive,POLARIZED,1.6, Grey,7,4600, -, -,70,6,-6,0,-6,STANDARD,No,0,-,Expert,Equal,Double,Partial,
Rodenstock , Impression B.I.G. Norm,Progressive,TINTED,1.54, ColorMatic Sun (tinted adaptive sunglasses),7,5200, -, -,70,6,-8,0,-4,STANDARD,Already,0,-,Expert,Equal,Double,Full,
Rodenstock , Impression B.I.G. Norm,Progressive,TINTED,1.6, ColorMatic Sun (tinted adaptive sunglasses),7,5650, -, -,70,6,-10,0,-6,STANDARD,Already,0,-,Expert,Equal,Double,Full,
Rodenstock ,Impression B.I.G. NORM Sport L,Progressive,CLEAR,1.5,-,7,4250,4800,-,70,4,-5,0,-4,STANDARD,Yes,150,-,Expert,Intermediate,Double,Full,
Rodenstock ,Impression B.I.G. NORM Sport L,Progressive,CLEAR,1.6,-,7,4600,5200,-,70,4,-6,0,-4,STANDARD,Yes,150,-,Expert,Intermediate,Double,Full,
Rodenstock ,Impression B.I.G. NORM Sport L,Progressive,CLEAR,1.67,-,7,5000,5800,-,70,4,-6,0,-4,STANDARD,Yes,150,-,Expert,Intermediate,Double,Full,
Rodenstock ,Impression B.I.G. NORM Sport L,Progressive,PHOTOCHROMIC,1.5,ColorMatic Grey,7,-,5550,-,70,4,-5,0,-4,STANDARD,No,0,-,Expert,Intermediate,Double,Full,
Rodenstock ,Impression B.I.G. NORM Sport L,Progressive,PHOTOCHROMIC,1.6,ColorMatic Grey,7,-,5650,-,70,4,-6,0,-4,STANDARD,No,0,-,Expert,Intermediate,Double,Full,
Rodenstock ,Impression B.I.G. NORM Sport L,Progressive,PHOTOCHROMIC,1.67,ColorMatic Grey,7,-,5950,-,70,4,-6,0,-4,STANDARD,No,0,-,Expert,Intermediate,Double,Full,
Rodenstock ,Impression B.I.G. NORM Sport L,Progressive,POLARIZED,1.5, Grey,7,5400,-,-,70,4,-5,0,-4,STANDARD,No,0,-,Expert,Intermediate,Double,Full,
Rodenstock ,Impression B.I.G. NORM Sport L,Progressive,POLARIZED,1.6, Grey,7,5500,-,-,70,4,-6,0,-4,STANDARD,No,0,-,Expert,Intermediate,Double,Full,
Rodenstock ,Impression B.I.G. NORM Sport L,Progressive,POLARIZED,1.67, Grey,7,5800,-,-,70,4,-6,0,-4,STANDARD,No,0,-,Expert,Intermediate,Double,Full,
Rodenstock ,Impression B.I.G. NORM Sport L,Progressive,TINTED,1.5,ColorMatic Sun,7,5500,-,-,70,4,-5,0,-4,STANDARD,Already,0,-,Expert,Intermediate,Double,Full,
Rodenstock ,Impression B.I.G. NORM Sport L,Progressive,TINTED,1.6,ColorMatic Sun,7,5500,-,-,70,4,-6,0,-4,STANDARD,Already,0,-,Expert,Intermediate,Double,Full,
Rodenstock ,Impression B.I.G. NORM Sport L,Progressive,TINTED,1.67,ColorMatic Sun,7,5800,-,-,70,4,-6,0,-4,STANDARD,Already,0,-,Expert,Intermediate,Double,Full,
Opto-tech ,Mineral Glass,Progressive,CLEAR,1.9,White ,7,3100,-,3200,70,-6,-20,0,-4,STANDARD,Yes,150,-,Balance,Near,Single,None,
Opto-tech ,Mineral Glass,Progressive,CLEAR,1.8,White ,7,2750,-,2850,70,-5,-18,0,-4,STANDARD,Yes,150,-,Balance,Near,Single,None,
Opto-tech ,Mineral Glass,Progressive,CLEAR,1.7,White / Pink Hi-index   ,7,1950,-,2050,70,-3,-12,0,-4,STANDARD,Yes,150,-,Balance,Near,Single,None,
Opto-tech ,Mineral Glass,Progressive,CLEAR,1.52,White / Pink    ,7,1650,-,1750,70,4,-6,0,-4,STANDARD,Yes,150,-,Balance,Near,Single,None,
Opto-tech ,Progressive – Custom Flat Alpha,Progressive,CLEAR,1.5,-,7,880,-,980,70,4,-6,0,-4,STANDARD,Yes,150,-,Balance,Near,Single,Partial,
Opto-tech ,Progressive – Custom Flat Alpha,Progressive,CLEAR,1.56,-,7,930,1030,1130,70,4,-6,0,-4,STANDARD,Yes,150,-,Balance,Near,Single,Partial,
Opto-tech ,Progressive – Custom Flat Alpha,Progressive,CLEAR,1.6,-,7,1080,1180,1280,70,4,-8,0,-4,STANDARD,Yes,150,-,Balance,Near,Single,Partial,
Opto-tech ,Progressive – Custom Flat Alpha,Progressive,CLEAR,1.67,-,7,1230,1330,1430,70,4,-10,0,-4,STANDARD,Yes,150,-,Balance,Near,Single,Partial,
Opto-tech ,Progressive – Custom Flat Alpha,Progressive,CLEAR,1.74,-,7,1780,1880,1880,70,4,-12,0,-4,STANDARD,Yes,150,-,Balance,Near,Single,Partial,
Opto-tech ,Progressive – Custom Flat Alpha,Progressive,CLEAR,1.53,Tribrid (Impact Resistant)   ,7,1330,1430,1530,70,4,-8,0,-4,HIGH,Yes,150,-,Balance,Near,Single,Partial,
Opto-tech ,Progressive – Custom Flat Alpha,Progressive,CLEAR,1.53,Trivex (Impact Resistant)   ,7,1180,1330,1430,70,4,-6,0,-4,HIGH,Yes,150,-,Balance,Near,Single,Partial,
Pentax , Allfocus Flex,Progressive,CLEAR,1.5,-,7,1300,1495, -,70,6,-8,0,-4,STANDARD,Yes,150,-,Balance,Near,Single,None,
Pentax , Allfocus Flex,Progressive,CLEAR,1.55,-,7,1431,1628,1728,70,6,-10,0,-4,STANDARD,Yes,150,-,Balance,Near,Single,None,
Pentax , Allfocus Flex,Progressive,CLEAR,1.59,-,7,1625,1820, -,70,6,-10,0,-4,HIGH,Yes,150,-,Balance,Near,Single,None,
Pentax , Allfocus Flex,Progressive,CLEAR,1.6,-,7,1820,2015,2115,70,6,-10,0,-4,STANDARD,Yes,150,-,Balance,Near,Single,None,
Pentax , Allfocus Flex,Progressive,CLEAR,1.67,-,7,2210,2405,2505,70,7.5,-13,0,-4,STANDARD,Yes,150,-,Balance,Near,Single,None,
Pentax , Allfocus Flex,Progressive,CLEAR,1.74,-,7,2990,3185, -,70,12,-13,0,-4,STANDARD,Yes,150,-,Balance,Near,Single,None,
Pentax , Allfocus Pro,Progressive,CLEAR,1.5,-,7,1495,1690, -,70,6,-8,0,-4,STANDARD,Yes,150,-,Balance,Near,Single,Partial,
Pentax , Allfocus Pro,Progressive,CLEAR,1.55,-,7,1625,1820,1920,70,6,-10,0,-4,STANDARD,Yes,150,-,Balance,Near,Single,Partial,
Pentax , Allfocus Pro,Progressive,CLEAR,1.59,-,7,1820,2015, -,70,6,-10,0,-4,HIGH,Yes,150,-,Balance,Near,Single,Partial,
Pentax , Allfocus Pro,Progressive,CLEAR,1.6,-,7,2015,2210,2310,70,6,-10,0,-4,STANDARD,Yes,150,-,Balance,Near,Single,Partial,
Pentax , Allfocus Pro,Progressive,CLEAR,1.67,-,7,2405,2600,2700,70,7.5,-13,0,-4,STANDARD,Yes,150,-,Balance,Near,Single,Partial,
Pentax , Allfocus Pro,Progressive,CLEAR,1.74,-,7,3185,3380, -,70,9,-13,0,-4,STANDARD,Yes,150,-,Balance,Near,Single,Partial,
Rodenstock , Life Free 2,Progressive,CLEAR,1.54,-,7,1450,2050, -,70,6,-8,0,-4,STANDARD,Yes,150,-,Balance,Near,Single,None,
Rodenstock , Life Free 2,Progressive,CLEAR,1.6,-,7,1850,2450, -,70,6,-10,0,-6,STANDARD,Yes,150,-,Balance,Near,Single,None,
Rodenstock , Life Free 2,Progressive,CLEAR,1.67,-,7,2250,2850, -,70,6,-13,0,-6,STANDARD,Yes,150,-,Balance,Near,Single,None,
Rodenstock ,Progressiv Life Mineral,Progressive,CLEAR,1.6,-,7,2980,-,-,70,6,-10,0,-4,STANDARD,Yes,150,-,Balance,Near,Single,None,
Rodenstock ,Progressiv Life Mineral,Progressive,CLEAR,1.8,-,7,4880,-,-,70,6,-14,0,-4,STANDARD,Yes,150,-,Balance,Near,Single,None,
Seiko , Emblem,Progressive,CLEAR,1.5,-,7,2200,2300,2400,70,6,-12,0,-5,STANDARD,Yes,150,-,Balance,Near,Single,None,
Seiko , Emblem,Progressive,CLEAR,1.6,-,7,2700,2800,2900,70,6,-12,0,-5,STANDARD,Yes,150,-,Balance,Near,Single,None,
Seiko , Emblem,Progressive,CLEAR,1.67,-,7,3300,3500,3800,70,6,-10,0,-5,STANDARD,Yes,150,-,Balance,Near,Single,None,
Seiko , Emblem,Progressive,CLEAR,1.74,-,7,5000,5200,5300,70,6,-7.5,0,-5,STANDARD,Yes,150,-,Balance,Near,Single,None,
Seiko , Synergy Xtra,Progressive,CLEAR,1.5,-,7,1700,1900,2000,70,6,-10,0,-6,STANDARD,Yes,150,-,Balance,Near,Single,None,
Seiko , Synergy Xtra,Progressive,CLEAR,1.74,-,7,4600,4800,4900,70,6,-10,0,-6,STANDARD,Yes,150,-,Balance,Near,Single,None,
Seiko , Synergy Xtra,Progressive,CLEAR,1.67,-,7,3100,3300,3400,70,10,-12,0,-6,STANDARD,Yes,150,-,Balance,Near,Single,None,
Seiko , Synergy Xtra,Progressive,CLEAR,1.6,-,7,2200,2300,2400,70,12,-14,0,-6,STANDARD,Yes,150,-,Balance,Near,Single,None,
Opto-tech ,Progressive – Custom Flat Alpha,Progressive,PHOTOCHROMIC,1.5,Transitions XTRActive Grey,7,-,1570,1570,70,4,-6,0,-4,STANDARD,No,0,-,Balance,Near,Single,Partial,
Opto-tech ,Mineral Glass,Progressive,PHOTOCHROMIC,1.52,Photogray Xtra   ,7,-,2050,2050,70,4,-6,0,-4,STANDARD,No,0,-,Balance,Near,Single,None,
Opto-tech ,Progressive – Custom Flat Alpha,Progressive,PHOTOCHROMIC,1.53,Transitions XTRActive Grey,7,-,2070,2070,70,4,-6,0,-4,HIGH,No,0,-,Balance,Near,Single,Partial,
Opto-tech ,Progressive – Custom Flat Alpha,Progressive,PHOTOCHROMIC,1.56,Vibrant Dark Brown / Green / Blue / Purple / Pink  ,7,-,1180,1280,70,4,-6,0,-4,STANDARD,No,0,-,Balance,Near,Single,Partial,
Opto-tech ,Progressive – Custom Flat Alpha,Progressive,PHOTOCHROMIC,1.6,Transitions XTRActive Grey,7,-,1920,1920,70,4,-8,0,-4,STANDARD,No,0,-,Balance,Near,Single,Partial,
Opto-tech ,Progressive – Custom Flat Alpha,Progressive,PHOTOCHROMIC,1.6,Sunergy Grey   ,7,-,1430,1530,70,4,-8,0,-4,STANDARD,No,0,-,Balance,Near,Single,Partial,
Opto-tech ,Progressive – Custom Flat Alpha,Progressive,PHOTOCHROMIC,1.67,Transitions XTRActive Grey,7,-,2240,2240,70,4,-10,0,-4,STANDARD,No,0,-,Balance,Near,Single,Partial,
Opto-tech ,Progressive – Custom Flat Alpha,Progressive,PHOTOCHROMIC,1.67,Sunergy Grey   ,7,-,1730,1830,70,4,-10,0,-4,STANDARD,No,0,-,Balance,Near,Single,Partial,
Opto-tech ,Progressive – Custom Flat Alpha,Progressive,PHOTOCHROMIC,1.74,Transitions  Normal  ,7,-,3280,3280,70,4,-12,0,-4,STANDARD,No,0,-,Balance,Near,Single,Partial,
Opto-tech ,Progressive – Custom Flat Alpha,Progressive,PHOTOCHROMIC,1.74,Sunergy Grey   ,7,-,2380,2480,70,4,-12,0,-4,STANDARD,No,0,-,Balance,Near,Single,Partial,
Pentax , Allfocus Flex,Progressive,PHOTOCHROMIC,1.5," Sensity 2 Brown, Grey, Green",7,-,2600, -,70,6,-8,0,-4,STANDARD,No,0,-,Balance,Near,Single,None,
Pentax , Allfocus Flex,Progressive,PHOTOCHROMIC,1.55," Sensity 2 Brown, Grey, Green",7,-,2730, -,70,6,-10,0,-4,STANDARD,No,0,-,Balance,Near,Single,None,
Pentax , Allfocus Pro,Progressive,PHOTOCHROMIC,1.5," Sensity 2 Brown, Grey, Green",7,-,2795, -,70,6,-8,0,-4,STANDARD,No,0,-,Balance,Near,Single,Partial,
Pentax , Allfocus Flex,Progressive,PHOTOCHROMIC,1.59," Sensity 2 Brown, Grey, Green",7,-,2925, -,70,6,-10,0,-4,HIGH,No,0,-,Balance,Near,Single,None,
Pentax , Allfocus Pro,Progressive,PHOTOCHROMIC,1.55," Sensity 2 Brown, Grey, Green",7,-,2925, -,70,6,-10,0,-4,STANDARD,No,0,-,Balance,Near,Single,Partial,
Pentax , Allfocus Flex,Progressive,PHOTOCHROMIC,1.6," Sensity 2 Brown, Grey, Green",7,-,3120, -,70,6,-10,0,-4,STANDARD,No,0,-,Balance,Near,Single,None,
Pentax , Allfocus Pro,Progressive,PHOTOCHROMIC,1.59," Sensity 2 Brown, Grey, Green",7,-,3120, -,70,6,-10,0,-4,HIGH,No,0,-,Balance,Near,Single,Partial,
Pentax , Allfocus Pro,Progressive,PHOTOCHROMIC,1.6," Sensity 2 Brown, Grey, Green",7,-,3315, -,70,6,-10,0,-4,STANDARD,No,0,-,Balance,Near,Single,Partial,
Pentax , Allfocus Flex,Progressive,PHOTOCHROMIC,1.67," Sensity 2 Brown, Grey, Green",7,-,3510, -,70,7.5,-13,0,-4,STANDARD,No,0,-,Balance,Near,Single,None,
Pentax , Allfocus Pro,Progressive,PHOTOCHROMIC,1.67," Sensity 2 Brown, Grey, Green",7,-,3705, -,70,7.5,-13,0,-4,STANDARD,No,0,-,Balance,Near,Single,Partial,
Pentax , Allfocus Flex,Progressive,PHOTOCHROMIC,1.5, Sensity 2 Dark Grey,7,-,2700, -,70,6,-8,0,-4,STANDARD,No,0,-,Balance,Near,Single,None,
Pentax , Allfocus Flex,Progressive,PHOTOCHROMIC,1.55, Sensity 2 Dark Grey,7,-,2830, -,70,6,-10,0,-4,STANDARD,No,0,-,Balance,Near,Single,None,
Pentax , Allfocus Pro,Progressive,PHOTOCHROMIC,1.5, Sensity 2 Dark Grey,7,-,2895, -,70,6,-8,0,-4,STANDARD,No,0,-,Balance,Near,Single,Partial,
Pentax , Allfocus Flex,Progressive,PHOTOCHROMIC,1.59, Sensity 2 Dark Grey,7,-,3025, -,70,6,-10,0,-4,HIGH,No,0,-,Balance,Near,Single,None,
Pentax , Allfocus Pro,Progressive,PHOTOCHROMIC,1.55, Sensity 2 Dark Grey,7,-,3025, -,70,6,-10,0,-4,STANDARD,No,0,-,Balance,Near,Single,Partial,
Pentax , Allfocus Flex,Progressive,PHOTOCHROMIC,1.6, Sensity 2 Dark Grey,7,-,3220, -,70,6,-10,0,-4,STANDARD,No,0,-,Balance,Near,Single,None,
Pentax , Allfocus Pro,Progressive,PHOTOCHROMIC,1.59, Sensity 2 Dark Grey,7,-,3220, -,70,6,-10,0,-4,HIGH,No,0,-,Balance,Near,Single,Partial,
Pentax , Allfocus Pro,Progressive,PHOTOCHROMIC,1.6, Sensity 2 Dark Grey,7,-,3415, -,70,6,-10,0,-4,STANDARD,No,0,-,Balance,Near,Single,Partial,
Pentax , Allfocus Flex,Progressive,PHOTOCHROMIC,1.67, Sensity 2 Dark Grey,7,-,3610, -,70,7.5,-13,0,-4,STANDARD,No,0,-,Balance,Near,Single,None,
Pentax , Allfocus Pro,Progressive,PHOTOCHROMIC,1.67, Sensity 2 Dark Grey,7,-,3805, -,70,7.5,-13,0,-4,STANDARD,No,0,-,Balance,Near,Single,Partial,
Rodenstock , Life Free 2,Progressive,PHOTOCHROMIC,1.54,ColorMatic Grey,7,-,2400, -,70,6,-8,0,-4,STANDARD,No,0,-,Balance,Near,Single,None,
Rodenstock , Life Free 2,Progressive,PHOTOCHROMIC,1.6,ColorMatic Grey,7,-,2800, -,70,6,-10,0,-6,STANDARD,No,0,-,Balance,Near,Single,None,
Rodenstock , Life Free 2,Progressive,PHOTOCHROMIC,1.67,ColorMatic Grey,7,-,3200, -,70,6,-13,0,-6,STANDARD,No,0,-,Balance,Near,Single,None,
Seiko , Synergy Xtra,Progressive,PHOTOCHROMIC,1.5," Sensity 2 Brown, Grey, Green",7,-,2450,2600,70,6,-10,0,-5,STANDARD,No,0,-,Balance,Near,Single,None,
Seiko , Emblem,Progressive,PHOTOCHROMIC,1.5," Sensity 2 Brown, Grey, Green",7,-,2950,3100,70,6,-12,0,-5,STANDARD,No,0,-,Balance,Near,Single,None,
Seiko , Synergy Xtra,Progressive,PHOTOCHROMIC,1.6," Sensity 2 Brown, Grey, Green",7,-,2950,3100,70,6,-8,0,-5,STANDARD,No,0,-,Balance,Near,Single,None,
Seiko , Emblem,Progressive,PHOTOCHROMIC,1.6," Sensity 2 Brown, Grey, Green",7,-,3350,3500,70,6,-7.5,0,-5,STANDARD,No,0,-,Balance,Near,Single,None,
Seiko , Synergy Xtra,Progressive,PHOTOCHROMIC,1.67," Sensity 2 Brown, Grey, Green",7,-,3950,4100,70,6,-10,0,-5,STANDARD,No,0,-,Balance,Near,Single,None,
Seiko , Emblem,Progressive,PHOTOCHROMIC,1.67," Sensity 2 Brown, Grey, Green",7,-,4050,4500,70,6,-12,0,-5,STANDARD,No,0,-,Balance,Near,Single,None,
Seiko , Synergy Xtra,Progressive,PHOTOCHROMIC,1.5,Sensity Fast Grey / Dark Grey,7,-,2450,2600,70,6,-8,0,-5,STANDARD,No,0,-,Balance,Near,Single,None,
Seiko , Synergy Xtra,Progressive,PHOTOCHROMIC,1.6,Sensity Fast Grey / Dark Grey,7,-,2850,3000,70,-3,-7,0,-2,STANDARD,No,0,-,Balance,Near,Single,None,
Seiko , Synergy Xtra,Progressive,PHOTOCHROMIC,1.67,Sensity Fast Grey / Dark Grey,7,-,3850,4000,70,0,-5,0,-2,STANDARD,No,0,-,Balance,Near,Single,None,
Opto-tech ,Progressive – Custom Flat Alpha,Progressive,POLARIZED,1.5,NuPolar Grey   ,7,1630,-,1730,70,4,-6,0,-4,STANDARD,No,0,-,Balance,Near,Single,Partial,
Opto-tech ,Progressive – Custom Flat Alpha,Progressive,POLARIZED,1.6,NuPolar Grey   ,7,1830,-,1930,70,4,-8,0,-4,STANDARD,No,0,-,Balance,Near,Single,Partial,
Opto-tech ,Progressive – Custom Flat Alpha,Progressive,POLARIZED,1.67,NuPolar Grey   ,7,2130,-,2230,70,4,-10,0,-4,STANDARD,No,0,-,Balance,Near,Single,Partial,
Opto-tech ,Progressive – Custom Flat Alpha,Progressive,POLARIZED,1.5,Polarized    ,7,1570,-,1670,70,4,-6,0,-4,STANDARD,No,0,-,Balance,Near,Single,Partial,
Opto-tech ,Progressive – Custom Flat Alpha,Progressive,POLARIZED,1.53,Transitions Drivewear (Impact Resistant)  ,7,2280,2380,2380,70,4,-6,0,-4,HIGH,No,0,-,Balance,Near,Single,Partial,
Pentax , Allfocus Flex,Progressive,POLARIZED,1.5, Grey,7,2600,2795, -,70,3,-8,0,-4,STANDARD,No,0,-,Balance,Near,Single,None,
Pentax , Allfocus Flex,Progressive,POLARIZED,1.59, Grey,7,3250,3445, -,70,4.5,-10,0,-4,HIGH,No,0,-,Balance,Near,Single,None,
Pentax , Allfocus Flex,Progressive,POLARIZED,1.6, Grey,7,3770,3965, -,70,4.5,-10,0,-4,STANDARD,No,0,-,Balance,Near,Single,None,
Pentax , Allfocus Pro,Progressive,POLARIZED,1.5, Grey,7,2795,2990, -,70,3,-8,0,-4,STANDARD,No,0,-,Balance,Near,Single,Partial,
Pentax , Allfocus Pro,Progressive,POLARIZED,1.6, Grey,7,3965,4160, -,70,4.5,-10,0,-4,STANDARD,No,0,-,Balance,Near,Single,Partial,
Pentax , Allfocus Pro,Progressive,POLARIZED,1.59, Grey,7,3445,3640, -,70,6,-10,0,-4,HIGH,No,0,-,Balance,Near,Single,Partial,
Pentax , Allfocus,Progressive,CLEAR,1.5,-,7,1105,1300, -,70,6,-8,0,-4,STANDARD,Yes,150,-,Entry,Near,Single,None,
Pentax , Allfocus,Progressive,CLEAR,1.55,-,7,1235,1430,1530,70,6,-10,0,-4,STANDARD,Yes,150,-,Entry,Near,Single,None,
Pentax , Allfocus,Progressive,CLEAR,1.59,-,7,1495,1690, -,70,6,-10,0,-4,HIGH,Yes,150,-,Entry,Near,Single,None,
Pentax , Allfocus,Progressive,CLEAR,1.6,-,7,1625,1820,1920,70,6,-10,0,-4,STANDARD,Yes,150,-,Entry,Near,Single,None,
Pentax , Allfocus,Progressive,CLEAR,1.67,-,7,2015,2210,2310,70,7.5,-13,0,-4,STANDARD,Yes,150,-,Entry,Near,Single,None,
Pentax , Allfocus,Progressive,CLEAR,1.74,-,7,2795,2990, -,70,12,-13,0,-4,STANDARD,Yes,150,-,Entry,Near,Single,None,
Pentax , Allfocus,Progressive,PHOTOCHROMIC,1.5," Sensity 2 Brown, Grey, Green",7,-,2405, -,70,6,-8,0,-4,STANDARD,No,0,-,Entry,Near,Single,None,
Pentax , Allfocus,Progressive,PHOTOCHROMIC,1.55," Sensity 2 Brown, Grey, Green",7,-,2535, -,70,6,-10,0,-4,STANDARD,No,0,-,Entry,Near,Single,None,
Pentax , Allfocus,Progressive,PHOTOCHROMIC,1.59," Sensity 2 Brown, Grey, Green",7,-,2795, -,70,6,-10,0,-4,HIGH,No,0,-,Entry,Near,Single,None,
Pentax , Allfocus,Progressive,PHOTOCHROMIC,1.6," Sensity 2 Brown, Grey, Green",7,-,2925, -,70,6,-10,0,-4,STANDARD,No,0,-,Entry,Near,Single,None,
Pentax , Allfocus,Progressive,PHOTOCHROMIC,1.67," Sensity 2 Brown, Grey, Green",7,-,3315, -,70,7.5,-13,0,-4,STANDARD,No,0,-,Entry,Near,Single,None,
Pentax , Allfocus,Progressive,PHOTOCHROMIC,1.5, Sensity 2 Dark Grey,7,-,2505, -,70,6,-8,0,-4,STANDARD,No,0,-,Entry,Near,Single,None,
Pentax , Allfocus,Progressive,PHOTOCHROMIC,1.55, Sensity 2 Dark Grey,7,-,2635, -,70,6,-10,0,-4,STANDARD,No,0,-,Entry,Near,Single,None,
Pentax , Allfocus,Progressive,PHOTOCHROMIC,1.59, Sensity 2 Dark Grey,7,-,2895, -,70,6,-10,0,-4,HIGH,No,0,-,Entry,Near,Single,None,
Pentax , Allfocus,Progressive,PHOTOCHROMIC,1.6, Sensity 2 Dark Grey,7,-,3025, -,70,6,-10,0,-4,STANDARD,No,0,-,Entry,Near,Single,None,
Pentax , Allfocus,Progressive,PHOTOCHROMIC,1.67, Sensity 2 Dark Grey,7,-,3415, -,70,7.5,-13,0,-4,STANDARD,No,0,-,Entry,Near,Single,None,
Pentax , Allfocus,Progressive,POLARIZED,1.5, Grey,7,2405,2600, -,70,3,-8,0,-4,STANDARD,No,0,-,Entry,Near,Single,None,
Pentax , Allfocus,Progressive,POLARIZED,1.6, Grey,7,3575,3770, -,70,4.5,-10,0,-4,STANDARD,No,0,-,Entry,Near,Single,None,
Pentax , Allfocus,Progressive,POLARIZED,1.59, Grey,7,3120,3315, -,70,6,-10,0,-4,HIGH,No,0,-,Entry,Near,Single,None,
Rodenstock , Impression 2,Progressive,CLEAR,1.54,-,7,3150,3750, -,70,6,-8,0,-4,STANDARD,Yes,150,-,Expert,Near,Single,Full,
Rodenstock , Impression 2,Progressive,CLEAR,1.6,-,7,3550,4150, -,70,6,-10,0,-6,STANDARD,Yes,150,-,Expert,Near,Single,Full,
Rodenstock , Impression 2,Progressive,CLEAR,1.67,-,7,3950,4550, -,70,6,-13,0,-6,STANDARD,Yes,150,-,Expert,Near,Single,Full,
Rodenstock , Multigressiv MyView 2,Progressive,CLEAR,1.54,-,7,2550,3150, -,70,6,-8,0,-4,STANDARD,Yes,150,-,Expert,Near,Single,Partial,
Rodenstock , Multigressiv MyView 2,Progressive,CLEAR,1.6,-,7,2950,3550, -,70,6,-10,0,-6,STANDARD,Yes,150,-,Expert,Near,Single,Partial,
Rodenstock , Multigressiv MyView 2,Progressive,CLEAR,1.67,-,7,3350,3950, -,70,6,-13,0,-6,STANDARD,Yes,150,-,Expert,Near,Single,Partial,
Rodenstock , PureLife Free 2,Progressive,CLEAR,1.54,-,7,1850,2450, -,70,6,-8,0,-4,STANDARD,Yes,150,-,Expert,Near,Single,None,
Rodenstock , PureLife Free 2,Progressive,CLEAR,1.6,-,7,2250,2850, -,70,6,-10,0,-6,STANDARD,Yes,150,-,Expert,Near,Single,None,
Rodenstock , PureLife Free 2,Progressive,CLEAR,1.67,-,7,2650,3250, -,70,6,-13,0,-6,STANDARD,Yes,150,-,Expert,Near,Single,None,
Rodenstock ,Impression Mineral,Progressive,CLEAR,1.6,-,7,4490,-,-,70,6,-10,0,-4,STANDARD,Yes,150,-,Expert,Near,Single,Full,
Rodenstock ,Impression Mineral,Progressive,CLEAR,1.8,-,7,4490,-,-,70,6,-14,0,-4,STANDARD,Yes,150,-,Expert,Near,Single,Full,
Rodenstock ,Multigressiv Mineral,Progressive,CLEAR,1.6,-,7,3960,-,-,70,6,-10,0,-4,STANDARD,Yes,150,-,Expert,Near,Single,None,
Rodenstock ,Multigressiv Mineral,Progressive,CLEAR,1.8,-,7,3960,-,-,70,6,-14,0,-4,STANDARD,Yes,150,-,Expert,Near,Single,None,
Rodenstock , PureLife Free 2,Progressive,PHOTOCHROMIC,1.54,ColorMatic Grey,7,-,2800, -,70,6,-8,0,-4,STANDARD,No,0,-,Expert,Near,Single,None,
Rodenstock , PureLife Free 2,Progressive,PHOTOCHROMIC,1.6,ColorMatic Grey,7,-,3200, -,70,6,-10,0,-6,STANDARD,No,0,-,Expert,Near,Single,None,
Rodenstock , Multigressiv MyView 2,Progressive,PHOTOCHROMIC,1.54,ColorMatic Grey,7,-,3500, -,70,6,-8,0,-4,STANDARD,No,0,-,Expert,Near,Single,Partial,
Rodenstock , PureLife Free 2,Progressive,PHOTOCHROMIC,1.67,ColorMatic Grey,7,-,3600, -,70,6,-13,0,-6,STANDARD,No,0,-,Expert,Near,Single,None,
Rodenstock , Multigressiv MyView 2,Progressive,PHOTOCHROMIC,1.6,ColorMatic Grey,7,-,3900, -,70,6,-10,0,-6,STANDARD,No,0,-,Expert,Near,Single,Partial,
Rodenstock , Impression 2,Progressive,PHOTOCHROMIC,1.54,ColorMatic Grey,7,-,4100, -,70,6,-8,0,-4,STANDARD,No,0,-,Expert,Near,Single,Full,
Rodenstock , Multigressiv MyView 2,Progressive,PHOTOCHROMIC,1.67,ColorMatic Grey,7,-,4300, -,70,6,-13,0,-6,STANDARD,No,0,-,Expert,Near,Single,Partial,
Rodenstock , Impression 2,Progressive,PHOTOCHROMIC,1.6,ColorMatic Grey,7,-,4500, -,70,6,-10,0,-6,STANDARD,No,0,-,Expert,Near,Single,Full,
Rodenstock , Impression 2,Progressive,PHOTOCHROMIC,1.67,ColorMatic Grey,7,-,4900, -,70,6,-13,0,-6,STANDARD,No,0,-,Expert,Near,Single,Full,
Seiko , Pursuit AC-X Asp Near,Progressive,CLEAR,1.6,-,7,4600,4800,4900,70,8,-10,0,-5,STANDARD,Yes,150,-,Expert,Near,Double,Partial,
Seiko , Pursuit AC-X Asp Near,Progressive,CLEAR,1.74,-,7,6600,6800,6900,70,8,-10,0,-6,STANDARD,Yes,150,-,Expert,Near,Double,Partial,
Seiko , Pursuit AC-X Asp Near,Progressive,CLEAR,1.67,-,7,5100,5300,5400,70,10,-16,0,-6,STANDARD,Yes,150,-,Expert,Near,Double,Partial,
Seiko , Pursuit AC-X Asp Near,Progressive,PHOTOCHROMIC,1.6," Sensity 2 Brown, Grey, Green",7,-,4950,5100,70,9,-11,0,-6,STANDARD,No,0,-,Expert,Near,Double,Partial,
Seiko , Pursuit AC-X Asp Near,Progressive,PHOTOCHROMIC,1.67," Sensity 2 Brown, Grey, Green",7,-,5950,6100,70,8,-9,0,-6,STANDARD,No,0,-,Expert,Near,Double,Partial,
Seiko , Pursuit AC-X Asp Near,Progressive,PHOTOCHROMIC,1.6,Sensity Fast Grey / Dark Grey,7,-,4850,5000,70,8,-10,0,-5,STANDARD,No,0,-,Expert,Near,Double,Partial,
Opto-tech ,Individual Progressive – Comfort,Progressive,CLEAR,1.5,-,7,1150,-,1250,70,4,-6,0,-4,STANDARD,Yes,150,-,Balance,Equal,Single,Full,
Opto-tech ,Individual Progressive – Comfort,Progressive,CLEAR,1.56,-,7,1250,1350,1450,70,4,-6,0,-4,STANDARD,Yes,150,-,Balance,Equal,Single,Full,
Opto-tech ,Individual Progressive – Comfort,Progressive,CLEAR,1.6,-,7,1350,1450,1550,70,4,-8,0,-4,STANDARD,Yes,150,-,Balance,Equal,Single,Full,
Opto-tech ,Individual Progressive – Comfort,Progressive,CLEAR,1.67,-,7,1450,1550,1650,70,4,-10,0,-4,STANDARD,Yes,150,-,Balance,Equal,Single,Full,
Opto-tech ,Individual Progressive – Comfort,Progressive,CLEAR,1.74,-,7,2100,2200,2200,70,4,-12,0,-4,STANDARD,Yes,150,-,Balance,Equal,Single,Full,
Opto-tech ,Individual Progressive – Comfort,Progressive,CLEAR,1.53,Tribrid (Impact Resistant)   ,7,1650,1750,1850,70,4,-8,0,-4,HIGH,Yes,150,-,Balance,Equal,Single,Full,
Opto-tech ,Individual Progressive – Comfort,Progressive,CLEAR,1.53,Trivex (Impact Resistant)   ,7,1450,1550,1650,70,4,-6,0,-4,HIGH,Yes,150,-,Balance,Equal,Single,Full,
Opto-tech ,Progressive Sun Lens – Comfort Sports Dynamic,Progressive,CLEAR,1.5,-,7,1270,-,1370,70,4,-6,0,-4,STANDARD,Yes,150,-,Balance,Equal,Single,Partial,
Opto-tech ,Progressive Sun Lens – Comfort Sports Dynamic,Progressive,CLEAR,1.56,-,7,1420,1520,1620,70,4,-6,0,-4,STANDARD,Yes,150,-,Balance,Equal,Single,Partial,
Opto-tech ,Progressive Sun Lens – Comfort Sports Dynamic,Progressive,CLEAR,1.6,-,7,1570,1670,1770,70,4,-8,0,-4,STANDARD,Yes,150,-,Balance,Equal,Single,Partial,
Opto-tech ,Progressive Sun Lens – Comfort Sports Dynamic,Progressive,CLEAR,1.67,-,7,1720,1820,1920,70,4,-10,0,-4,STANDARD,Yes,150,-,Balance,Equal,Single,Partial,
Opto-tech ,Progressive Sun Lens – Comfort Sports Dynamic,Progressive,CLEAR,1.74,-,7,2370,2470,2470,70,4,-12,0,-4,STANDARD,Yes,150,-,Balance,Equal,Single,Partial,
Opto-tech ,Progressive Sun Lens – Comfort Sports Dynamic,Progressive,CLEAR,1.53,Tribrid (Impact Resistant)   ,7,1820,1920,2020,70,4,-8,0,-4,HIGH,Yes,150,-,Balance,Equal,Single,Partial,
Opto-tech ,Progressive Sun Lens – Comfort Sports Dynamic,Progressive,CLEAR,1.53,Trivex (Impact Resistant)   ,7,1670,1820,1920,70,4,-6,0,-4,HIGH,Yes,150,-,Balance,Equal,Single,Partial,
Pentax , Allfocus Expert,Progressive,CLEAR,1.5,-,7,1950,2145, -,70,6,-8,0,-4,STANDARD,Yes,150,-,Balance,Equal,Double,Full,
Pentax , Allfocus Expert,Progressive,CLEAR,1.55,-,7,2080,2275,2375,70,6,-10,0,-4,STANDARD,Yes,150,-,Balance,Equal,Double,Full,
Pentax , Allfocus Expert,Progressive,CLEAR,1.59,-,7,2275,2470, -,70,6,-10,0,-4,HIGH,Yes,150,-,Balance,Equal,Double,Full,
Pentax , Allfocus Expert,Progressive,CLEAR,1.6,-,7,2470,2665,2765,70,6,-10,0,-4,STANDARD,Yes,150,-,Balance,Equal,Double,Full,
Pentax , Allfocus Expert,Progressive,CLEAR,1.67,-,7,2860,3055,3155,70,7.5,-13,0,-4,STANDARD,Yes,150,-,Balance,Equal,Double,Full,
Pentax , Allfocus Expert,Progressive,CLEAR,1.74,-,7,3640,3835, -,70,9,-13,0,-4,STANDARD,Yes,150,-,Balance,Equal,Double,Full,
Seiko , Prime Xceed Asp Near,Progressive,CLEAR,1.5,-,7,3500,3700,3800,70,6,-7.5,0,-4,STANDARD,Yes,150,-,Balance,Equal,Single,Full,
Seiko , Prime Xceed Asp Near,Progressive,CLEAR,1.6,-,7,3900,4100,4200,70,6,-12,0,-5,STANDARD,Yes,150,-,Balance,Equal,Single,Full,
Seiko , Prime Xceed Asp Near,Progressive,CLEAR,1.67,-,7,4900,5100,5200,70,6,-10,0,-5,STANDARD,Yes,150,-,Balance,Equal,Single,Full,
Seiko , Prime Xceed Asp Near,Progressive,CLEAR,1.74,-,7,6100,6600,6700,70,6,-7.5,0,-4,STANDARD,Yes,150,-,Balance,Equal,Single,Full,
Seiko ,Prime X ASP Near,Progressive,CLEAR,1.5,-,7,3300,3500,3600,70,6,-12,0,-5,STANDARD,Yes,150,-,Balance,Equal,Single,Partial,
Seiko ,Prime X ASP Near,Progressive,CLEAR,1.6,-,7,3700,3900,4000,70,6,-10,0,-5,STANDARD,Yes,150,-,Balance,Equal,Single,Partial,
Seiko ,Prime X ASP Near,Progressive,CLEAR,1.67,-,7,4700,4900,5000,70,6,-7.5,0,-5,STANDARD,Yes,150,-,Balance,Equal,Single,Partial,
Seiko ,Prime X ASP Near,Progressive,CLEAR,1.74,-,7,6200,6400,6500,70,6.5,-12,0,-5,STANDARD,Yes,150,-,Balance,Equal,Single,Partial,
Opto-tech ,Individual Progressive – Comfort,Progressive,PHOTOCHROMIC,1.5,Transitions XTRActive Grey,7,-,1850,1850,70,4,-6,0,-4,STANDARD,No,0,-,Balance,Equal,Single,Full,
Opto-tech ,Progressive Sun Lens – Comfort Sports Dynamic,Progressive,PHOTOCHROMIC,1.5,Transitions XTRActive Grey,7,-,1960,1960,70,4,-6,0,-4,STANDARD,No,0,-,Balance,Equal,Single,Partial,
Opto-tech ,Individual Progressive – Comfort,Progressive,PHOTOCHROMIC,1.53,Transitions XTRActive Grey,7,-,2400,2400,70,4,-6,0,-4,HIGH,No,0,-,Balance,Equal,Single,Full,
Opto-tech ,Progressive Sun Lens – Comfort Sports Dynamic,Progressive,PHOTOCHROMIC,1.53,Transitions XTRActive Grey,7,-,2560,2560,70,4,-6,0,-4,HIGH,No,0,-,Balance,Equal,Single,Partial,
Opto-tech ,Individual Progressive – Comfort,Progressive,PHOTOCHROMIC,1.56,Vibrant Dark Brown / Green / Blue / Purple / Pink  ,7,-,1550,1650,70,4,-6,0,-4,STANDARD,No,0,-,Balance,Equal,Single,Full,
Opto-tech ,Progressive Sun Lens – Comfort Sports Dynamic,Progressive,PHOTOCHROMIC,1.56,Vibrant Dark Brown / Green / Blue / Purple / Pink  ,7,-,1570,1670,70,4,-6,0,-4,STANDARD,No,0,-,Balance,Equal,Single,Partial,
Opto-tech ,Individual Progressive – Comfort,Progressive,PHOTOCHROMIC,1.6,Transitions XTRActive Grey,7,-,2190,2190,70,4,-8,0,-4,STANDARD,No,0,-,Balance,Equal,Single,Full,
Opto-tech ,Progressive Sun Lens – Comfort Sports Dynamic,Progressive,PHOTOCHROMIC,1.6,Transitions XTRActive Grey,7,-,2410,2410,70,4,-8,0,-4,STANDARD,No,0,-,Balance,Equal,Single,Partial,
Opto-tech ,Individual Progressive – Comfort,Progressive,PHOTOCHROMIC,1.6,Sunergy Grey   ,7,-,1600,1700,70,4,-8,0,-4,STANDARD,No,0,-,Balance,Equal,Single,Full,
Opto-tech ,Progressive Sun Lens – Comfort Sports Dynamic,Progressive,PHOTOCHROMIC,1.6,Sunergy Grey   ,7,-,1920,2020,70,4,-8,0,-4,STANDARD,No,0,-,Balance,Equal,Single,Partial,
Opto-tech ,Individual Progressive – Comfort,Progressive,PHOTOCHROMIC,1.67,Transitions XTRActive Grey,7,-,2550,2550,70,4,-10,0,-4,STANDARD,No,0,-,Balance,Equal,Single,Full,
Opto-tech ,Progressive Sun Lens – Comfort Sports Dynamic,Progressive,PHOTOCHROMIC,1.67,Transitions XTRActive Grey,7,-,2730,2730,70,4,-10,0,-4,STANDARD,No,0,-,Balance,Equal,Single,Partial,
Opto-tech ,Individual Progressive – Comfort,Progressive,PHOTOCHROMIC,1.67,Sunergy Grey   ,7,-,1950,2050,70,4,-10,0,-4,STANDARD,No,0,-,Balance,Equal,Single,Full,
Opto-tech ,Progressive Sun Lens – Comfort Sports Dynamic,Progressive,PHOTOCHROMIC,1.67,Sunergy Grey   ,7,-,2290,2390,70,4,-10,0,-4,STANDARD,No,0,-,Balance,Equal,Single,Partial,
Opto-tech ,Individual Progressive – Comfort,Progressive,PHOTOCHROMIC,1.74,Transitions  Normal  ,7,-,3150,3150,70,4,-12,0,-4,STANDARD,No,0,-,Balance,Equal,Single,Full,
Opto-tech ,Progressive Sun Lens – Comfort Sports Dynamic,Progressive,PHOTOCHROMIC,1.74,Transitions  Normal  ,7,-,3770,3770,70,4,-12,0,-4,STANDARD,No,0,-,Balance,Equal,Single,Partial,
Opto-tech ,Individual Progressive – Comfort,Progressive,PHOTOCHROMIC,1.74,Sunergy Grey   ,7,-,2650,2750,70,4,-12,0,-4,STANDARD,No,0,-,Balance,Equal,Single,Full,
Opto-tech ,Progressive Sun Lens – Comfort Sports Dynamic,Progressive,PHOTOCHROMIC,1.74,Sunergy Grey   ,7,-,2870,2970,70,4,-12,0,-4,STANDARD,No,0,-,Balance,Equal,Single,Partial,
Pentax , Allfocus Expert,Progressive,PHOTOCHROMIC,1.5," Sensity 2 Brown, Grey, Green",7,-,3250, -,70,6,-8,0,-4,STANDARD,No,0,-,Balance,Equal,Double,Full,
Pentax , Allfocus Expert,Progressive,PHOTOCHROMIC,1.55," Sensity 2 Brown, Grey, Green",7,-,3380, -,70,6,-10,0,-4,STANDARD,No,0,-,Balance,Equal,Double,Full,
Pentax , Allfocus Expert,Progressive,PHOTOCHROMIC,1.59," Sensity 2 Brown, Grey, Green",7,-,3575, -,70,6,-10,0,-4,HIGH,No,0,-,Balance,Equal,Double,Full,
Pentax , Allfocus Expert,Progressive,PHOTOCHROMIC,1.6," Sensity 2 Brown, Grey, Green",7,-,3770, -,70,6,-10,0,-4,STANDARD,No,0,-,Balance,Equal,Double,Full,
Pentax , Allfocus Expert,Progressive,PHOTOCHROMIC,1.67," Sensity 2 Brown, Grey, Green",7,-,4160, -,70,7.5,-13,0,-4,STANDARD,No,0,-,Balance,Equal,Double,Full,
Pentax , Allfocus Expert,Progressive,PHOTOCHROMIC,1.5, Sensity 2 Dark Grey,7,-,3350, -,70,6,-8,0,-4,STANDARD,No,0,-,Balance,Equal,Double,Full,
Pentax , Allfocus Expert,Progressive,PHOTOCHROMIC,1.55, Sensity 2 Dark Grey,7,-,3480, -,70,6,-10,0,-4,STANDARD,No,0,-,Balance,Equal,Double,Full,
Pentax , Allfocus Expert,Progressive,PHOTOCHROMIC,1.59, Sensity 2 Dark Grey,7,-,3675, -,70,6,-10,0,-4,HIGH,No,0,-,Balance,Equal,Double,Full,
Pentax , Allfocus Expert,Progressive,PHOTOCHROMIC,1.6, Sensity 2 Dark Grey,7,-,3870, -,70,6,-10,0,-4,STANDARD,No,0,-,Balance,Equal,Double,Full,
Pentax , Allfocus Expert,Progressive,PHOTOCHROMIC,1.67, Sensity 2 Dark Grey,7,-,4260, -,70,7.5,-13,0,-4,STANDARD,No,0,-,Balance,Equal,Double,Full,
Seiko ,Prime X ASP Near,Progressive,PHOTOCHROMIC,1.5," Sensity 2 Brown, Grey, Green",7,-,4150,4300,70,6,-12,0,-5,STANDARD,No,0,-,Balance,Equal,Single,Partial,
Seiko , Prime Xceed Asp Near,Progressive,PHOTOCHROMIC,1.5," Sensity 2 Brown, Grey, Green",7,-,4350,4500,70,12,-20,0,-6,STANDARD,No,0,-,Balance,Equal,Single,Full,
Seiko , Prime Xceed Asp Near,Progressive,PHOTOCHROMIC,1.6," Sensity 2 Brown, Grey, Green",7,-,4750,4900,70,10,-16,0,-6,STANDARD,No,0,-,Balance,Equal,Single,Full,
Seiko ,Prime X ASP Near,Progressive,PHOTOCHROMIC,1.67," Sensity 2 Brown, Grey, Green",7,-,5550,5700,70,6,-10,0,-5,STANDARD,No,0,-,Balance,Equal,Single,Partial,
Seiko , Prime Xceed Asp Near,Progressive,PHOTOCHROMIC,1.67," Sensity 2 Brown, Grey, Green",7,-,5750,5900,70,10,-13,0,-6,STANDARD,No,0,-,Balance,Equal,Single,Full,
Seiko ,Prime X ASP Near,Progressive,PHOTOCHROMIC,1.5,Sensity Fast Grey / Dark Grey,7,-,4050,4200,70,6,-7.5,0,-4,STANDARD,No,0,-,Balance,Equal,Single,Partial,
Seiko , Prime Xceed Asp Near,Progressive,PHOTOCHROMIC,1.5,Sensity Fast Grey / Dark Grey,7,-,4250,4400,70,8,-10,0,-5,STANDARD,No,0,-,Balance,Equal,Single,Full,
Seiko ,Prime X ASP Near,Progressive,PHOTOCHROMIC,1.6,Sensity Fast Grey / Dark Grey,7,-,4250,4400,70,6,-12,0,-5,STANDARD,No,0,-,Balance,Equal,Single,Partial,
Seiko , Prime Xceed Asp Near,Progressive,PHOTOCHROMIC,1.6,Sensity Fast Grey / Dark Grey,7,-,4650,4800,70,12,-16,0,-6,STANDARD,No,0,-,Balance,Equal,Single,Full,
Seiko ,Prime X ASP Near,Progressive,PHOTOCHROMIC,1.67,Sensity Fast Grey / Dark Grey,7,-,5450,5600,70,6,-10,0,-5,STANDARD,No,0,-,Balance,Equal,Single,Partial,
Seiko , Prime Xceed Asp Near,Progressive,PHOTOCHROMIC,1.67,Sensity Fast Grey / Dark Grey,7,-,5650,5800,70,10,-13,0,-6,STANDARD,No,0,-,Balance,Equal,Single,Full,
Opto-tech ,Individual Progressive – Comfort,Progressive,POLARIZED,1.5,NuPolar Grey   ,7,1550,-,1650,70,4,-6,0,-4,STANDARD,No,0,-,Balance,Equal,Single,Full,
Opto-tech ,Individual Progressive – Comfort,Progressive,POLARIZED,1.6,NuPolar Grey   ,7,1950,-,2050,70,4,-8,0,-4,STANDARD,No,0,-,Balance,Equal,Single,Full,
Opto-tech ,Individual Progressive – Comfort,Progressive,POLARIZED,1.67,NuPolar Grey   ,7,2450,-,2550,70,4,-10,0,-4,STANDARD,No,0,-,Balance,Equal,Single,Full,
Opto-tech ,Individual Progressive – Comfort,Progressive,POLARIZED,1.5,Polarized    ,7,1350,-,1450,70,4,-6,0,-4,STANDARD,No,0,-,Balance,Equal,Single,Full,
Opto-tech ,Individual Progressive – Comfort,Progressive,POLARIZED,1.53,Transitions Drivewear (Impact Resistant)  ,7,2650,2750,2750,70,4,-6,0,-4,HIGH,No,0,-,Balance,Equal,Single,Full,
Opto-tech ,Progressive Sun Lens – Comfort Sports Dynamic,Progressive,POLARIZED,1.5,Gloss Mirror Polarized  ,7,1620,-,1720,70,4,-6,0,-4,STANDARD,No,0,-,Balance,Equal,Single,Partial,
Opto-tech ,Progressive Sun Lens – Comfort Sports Dynamic,Progressive,POLARIZED,1.6,NuPolar Grey   ,7,1860,-,1960,70,4,-8,0,-4,STANDARD,No,0,-,Balance,Equal,Single,Partial,
Opto-tech ,Progressive Sun Lens – Comfort Sports Dynamic,Progressive,POLARIZED,1.6,NuPolar Grey   ,7,2120,-,2220,70,4,-8,0,-4,STANDARD,No,0,-,Balance,Equal,Single,Partial,
Opto-tech ,Progressive Sun Lens – Comfort Sports Dynamic,Progressive,POLARIZED,1.67,NuPolar Grey   ,7,2620,-,2720,70,4,-10,0,-4,STANDARD,No,0,-,Balance,Equal,Single,Partial,
Opto-tech ,Progressive Sun Lens – Comfort Sports Dynamic,Progressive,POLARIZED,1.5,Polarized    ,7,1570,-,1670,70,4,-6,0,-4,STANDARD,No,0,-,Balance,Equal,Single,Partial,
Opto-tech ,Progressive Sun Lens – Comfort Sports Dynamic,Progressive,POLARIZED,1.53,Transitions Drivewear (Impact Resistant)  ,7,2770,2870,2870,70,4,-6,0,-4,HIGH,No,0,-,Balance,Equal,Single,Partial,
Pentax , Allfocus Expert,Progressive,POLARIZED,1.5, Grey,7,3250,3445, -,70,3,-8,0,-4,STANDARD,No,0,-,Balance,Equal,Double,Full,
Pentax , Allfocus Expert,Progressive,POLARIZED,1.59, Grey,7,3900,4095, -,70,6,-10,0,-4,HIGH,No,0,-,Balance,Equal,Double,Full,
Pentax , Allfocus Expert,Progressive,POLARIZED,1.6, Grey,7,4420,4615, -,70,6,-10,0,-4,STANDARD,No,0,-,Balance,Equal,Double,Full,
Opto-tech ,Freeform Ultimate Lifestyle,Progressive,CLEAR,1.5,-,7,1550,-,1650,70,4,-6,0,-4,STANDARD,Yes,150,-,Expert,Equal,Single,Full,
Opto-tech ,Freeform Ultimate Lifestyle,Progressive,CLEAR,1.56,-,7,1650,1750,1850,70,4,-6,0,-4,STANDARD,Yes,150,-,Expert,Equal,Single,Full,
Opto-tech ,Freeform Ultimate Lifestyle,Progressive,CLEAR,1.6,-,7,1850,1950,2050,70,4,-8,0,-4,STANDARD,Yes,150,-,Expert,Equal,Single,Full,
Opto-tech ,Freeform Ultimate Lifestyle,Progressive,CLEAR,1.67,-,7,2050,2150,2250,70,4,-10,0,-4,STANDARD,Yes,150,-,Expert,Equal,Single,Full,
Opto-tech ,Freeform Ultimate Lifestyle,Progressive,CLEAR,1.74,-,7,2850,2950,3050,70,4,-12,0,-4,STANDARD,Yes,150,-,Expert,Equal,Single,Full,
Opto-tech ,Freeform Ultimate Lifestyle,Progressive,CLEAR,1.53,Tribrid (Impact Resistant)   ,7,2150,2250,2350,70,4,-8,0,-4,HIGH,Yes,150,-,Expert,Equal,Single,Full,
Opto-tech ,Freeform Ultimate Lifestyle,Progressive,CLEAR,1.53,Trivex (Impact Resistant)   ,7,2050,2150,2250,70,4,-6,0,-4,HIGH,Yes,150,-,Expert,Equal,Single,Full,
Seiko , Brilliance Asp Near,Progressive,CLEAR,1.5,-,7,5100,5300,5400,70,6,-12,0,-5,STANDARD,Yes,150,-,Expert,Equal,Double,Full,
Seiko , Brilliance Asp Near,Progressive,CLEAR,1.6,-,7,5700,5900,6000,70,6,-12,0,-5,STANDARD,Yes,150,-,Expert,Equal,Double,Full,
Seiko , Brilliance Asp Near,Progressive,CLEAR,1.67,-,7,6700,6900,7000,70,6,-10,0,-5,STANDARD,Yes,150,-,Expert,Equal,Double,Full,
Seiko , Brilliance Asp Near,Progressive,CLEAR,1.74,-,7,8500,8700,8800,70,6,-7.5,0,-5,STANDARD,Yes,150,-,Expert,Equal,Double,Full,
Seiko , Superior Xcel,Progressive,CLEAR,1.74,-,7,6000,6200,6300,70,6,-10,0,-6,STANDARD,Yes,150,-,Expert,Equal,Single,Full,
Seiko , Superior Xcel,Progressive,CLEAR,1.5,-,7,3100,3300,3400,70,10,-12,0,-6,STANDARD,Yes,150,-,Expert,Equal,Single,Full,
Seiko , Superior Xcel,Progressive,CLEAR,1.67,-,7,4500,4700,4800,70,10,-12,0,-6,STANDARD,Yes,150,-,Expert,Equal,Single,Full,
Seiko , Superior Xcel,Progressive,CLEAR,1.6,-,7,3500,3700,3800,70,12,-14,0,-6,STANDARD,Yes,150,-,Expert,Equal,Single,Full,
Opto-tech ,Freeform Ultimate Lifestyle,Progressive,PHOTOCHROMIC,1.5,Transitions XTRActive Grey,7,-,2350,2350,70,4,-6,0,-4,STANDARD,No,0,-,Expert,Equal,Single,Full,
Opto-tech ,Freeform Ultimate Lifestyle,Progressive,PHOTOCHROMIC,1.53,Transitions XTRActive Grey,7,-,2850,2850,70,4,-6,0,-4,HIGH,No,0,-,Expert,Equal,Single,Full,
Opto-tech ,Freeform Ultimate Lifestyle,Progressive,PHOTOCHROMIC,1.56,Vibrant Dark Brown / Green / Blue / Purple / Pink  ,7,-,1850,1950,70,4,-6,0,-4,STANDARD,No,0,-,Expert,Equal,Single,Full,
Opto-tech ,Freeform Ultimate Lifestyle,Progressive,PHOTOCHROMIC,1.56,Vibrant Dark Brown / Green / Blue / Purple / Pink  ,7,-,2300,2300,70,4,-6,0,-4,STANDARD,No,0,-,Expert,Equal,Single,Full,
Opto-tech ,Freeform Ultimate Lifestyle,Progressive,PHOTOCHROMIC,1.56,Vibrant Dark Brown / Green / Blue / Purple / Pink  ,7,-,2350,2350,70,4,-6,0,-4,STANDARD,No,0,-,Expert,Equal,Single,Full,
Opto-tech ,Freeform Ultimate Lifestyle,Progressive,PHOTOCHROMIC,1.6,Sunergy Grey   ,7,-,2250,2350,70,4,-8,0,-4,STANDARD,No,0,-,Expert,Equal,Single,Full,
Opto-tech ,Freeform Ultimate Lifestyle,Progressive,PHOTOCHROMIC,1.6,Transitions XTRActive Grey,7,-,2650,2650,70,4,-8,0,-4,STANDARD,No,0,-,Expert,Equal,Single,Full,
Opto-tech ,Freeform Ultimate Lifestyle,Progressive,PHOTOCHROMIC,1.67,Sunergy Grey   ,7,-,2550,2650,70,4,-10,0,-4,STANDARD,No,0,-,Expert,Equal,Single,Full,
Opto-tech ,Freeform Ultimate Lifestyle,Progressive,PHOTOCHROMIC,1.67,Transitions XTRActive Grey,7,-,3050,3050,70,4,-10,0,-4,STANDARD,No,0,-,Expert,Equal,Single,Full,
Opto-tech ,Freeform Ultimate Lifestyle,Progressive,PHOTOCHROMIC,1.74,Sunergy Grey   ,7,-,3300,3300,70,4,-12,0,-4,STANDARD,No,0,-,Expert,Equal,Single,Full,
Opto-tech ,Freeform Ultimate Lifestyle,Progressive,PHOTOCHROMIC,1.74,Transitions  Normal  ,7,-,4200,4200,70,4,-12,0,-4,STANDARD,No,0,-,Expert,Equal,Single,Full,
Seiko , Superior Xcel,Progressive,PHOTOCHROMIC,1.5," Sensity 2 Brown, Grey, Green",7,-,3950,4100,70,12,-16,0,-6,STANDARD,No,0,-,Expert,Equal,Single,Full,
Seiko , Superior Xcel,Progressive,PHOTOCHROMIC,1.6," Sensity 2 Brown, Grey, Green",7,-,4350,4500,70,12,-14,0,-6,STANDARD,No,0,-,Expert,Equal,Single,Full,
Seiko , Superior Xcel,Progressive,PHOTOCHROMIC,1.67," Sensity 2 Brown, Grey, Green",7,-,5350,5500,70,10,-12,0,-6,STANDARD,No,0,-,Expert,Equal,Single,Full,
Seiko , Brilliance Asp Near,Progressive,PHOTOCHROMIC,1.5," Sensity 2 Brown, Grey, Green",7,-,6050,6200,70,6,-10,0,-5,STANDARD,No,0,-,Expert,Equal,Double,Full,
Seiko , Brilliance Asp Near,Progressive,PHOTOCHROMIC,1.6," Sensity 2 Brown, Grey, Green",7,-,6650,6800,70,6,-12,0,-5,STANDARD,No,0,-,Expert,Equal,Double,Full,
Seiko , Brilliance Asp Near,Progressive,PHOTOCHROMIC,1.67," Sensity 2 Brown, Grey, Green",7,-,7650,7800,70,6,-7.5,0,-5,STANDARD,No,0,-,Expert,Equal,Double,Full,
Seiko , Superior Xcel,Progressive,PHOTOCHROMIC,1.5,Sensity Fast Grey / Dark Grey,7,-,3850,4000,70,10,-12,0,-6,STANDARD,No,0,-,Expert,Equal,Single,Full,
Seiko , Superior Xcel,Progressive,PHOTOCHROMIC,1.6,Sensity Fast Grey / Dark Grey,7,-,4250,4400,70,12,-14,0,-6,STANDARD,No,0,-,Expert,Equal,Single,Full,
Seiko , Superior Xcel,Progressive,PHOTOCHROMIC,1.67,Sensity Fast Grey / Dark Grey,7,-,5250,5400,70,10,-12,0,-6,STANDARD,No,0,-,Expert,Equal,Single,Full,
Seiko , Brilliance Asp Near,Progressive,PHOTOCHROMIC,1.5,Sensity Fast Grey / Dark Grey,7,-,5950,6100,70,6,-12,0,-5,STANDARD,No,0,-,Expert,Equal,Double,Full,
Seiko , Brilliance Asp Near,Progressive,PHOTOCHROMIC,1.6,Sensity Fast Grey / Dark Grey,7,-,6550,6700,70,6,-7.5,0,-5,STANDARD,No,0,-,Expert,Equal,Double,Full,
Seiko , Brilliance Asp Near,Progressive,PHOTOCHROMIC,1.67,Sensity Fast Grey / Dark Grey,7,-,7550,7700,70,6,-10,0,-5,STANDARD,No,0,-,Expert,Equal,Double,Full,
Opto-tech ,Freeform Ultimate Lifestyle,Progressive,POLARIZED,1.5,NuPolar Grey   ,7,1900,-,2000,70,4,-6,0,-4,STANDARD,No,0,-,Expert,Equal,Single,Full,
Opto-tech ,Freeform Ultimate Lifestyle,Progressive,POLARIZED,1.6,NuPolar Grey   ,7,2250,-,2350,70,4,-8,0,-4,STANDARD,No,0,-,Expert,Equal,Single,Full,
Opto-tech ,Freeform Ultimate Lifestyle,Progressive,POLARIZED,1.67,NuPolar Grey   ,7,2750,-,2850,70,4,-10,0,-4,STANDARD,No,0,-,Expert,Equal,Single,Full,
Opto-tech ,Freeform Ultimate Lifestyle,Progressive,POLARIZED,1.6,Polarised Grey   ,7,1900,-,2000,70,4,-8,0,-4,STANDARD,No,0,-,Expert,Equal,Single,Full,
Opto-tech ,Freeform Ultimate Lifestyle,Progressive,POLARIZED,1.67,Polarised Grey   ,7,2300,-,2400,70,4,-10,0,-4,STANDARD,No,0,-,Expert,Equal,Single,Full,
Opto-tech ,Freeform Ultimate Lifestyle,Progressive,POLARIZED,1.5,Polarised Grey / Brown / G15 / Gradient Grey / Gradient Brown ,7,1700,-,1800,70,4,-6,0,-4,STANDARD,No,0,-,Expert,Equal,Single,Full,
Opto-tech ,Freeform Ultimate Lifestyle,Progressive,POLARIZED,1.53,Transitions Drivewear (Impact Resistant)  ,7,2900,3000,3000,70,4,-6,0,-4,HIGH,No,0,-,Expert,Equal,Single,Full,
Asahi ,Asahi Lite ASP Aspheric,Stock SV,CLEAR,1.67,-,3,650,850,-,70,-15,-3,0,-4,STANDARD,No,150,ASP,,,,,None
Asahi ,Asahi Lite ASP Aspheric,Stock SV,CLEAR,1.74,-,3,920,1150,-,70,-15,-4,0,-2,STANDARD,No,150,ASP,,,,,None
Asahi ,Asahi Lite ASP Aspheric Minus RX,Stock SV,CLEAR,1.56,-,3,-,450,-,70,-6,0,0,-4,STANDARD,No,150,ASP,,,,,None
Asahi ,Asahi Lite ASP Aspheric,Stock SV,CLEAR,1.6,-,3,520,600,-,70,-6,0,0,-2,STANDARD,No,150,ASP,,,,,None
Asahi ,Asahi Lite ASP Aspheric Plus RX,Stock SV,CLEAR,1.56,-,3,-,450,-,65,0.25,4,0,-4,STANDARD,No,150,ASP,,,,,None
Opto-tech ,Anti-Fatigue Freeform Functional,Anti-Fatigue,CLEAR,1.5,-,7,730,-,830,70,4,-6,0,-4,STANDARD,Yes,150,ATO,,,,,Partial
Opto-tech ,Anti-Fatigue Freeform Functional,Anti-Fatigue,CLEAR,1.56,-,7,780,880,980,70,4,-6,0,-4,STANDARD,Yes,150,ATO,,,,,Partial
Opto-tech ,Anti-Fatigue Freeform Functional,Anti-Fatigue,CLEAR,1.6,-,7,930,1030,1130,70,4,-8,0,-4,STANDARD,Yes,150,ATO,,,,,Partial
Opto-tech ,Anti-Fatigue Freeform Functional,Anti-Fatigue,CLEAR,1.67,-,7,1080,1180,1280,70,4,-10,0,-4,STANDARD,Yes,150,ATO,,,,,Partial
Opto-tech ,Anti-Fatigue Freeform Functional,Anti-Fatigue,CLEAR,1.74,-,7,1795,1895,1895,70,4,-12,0,-4,STANDARD,Yes,150,ATO,,,,,Partial
Opto-tech ,Anti-Fatigue Freeform Functional,Anti-Fatigue,CLEAR,1.53,Tribrid (Impact Resistant)   ,7,1080,1280,1380,70,4,-8,0,-4,HIGH,Yes,150,ATO,,,,,Partial
Opto-tech ,Anti-Fatigue Freeform Functional,Anti-Fatigue,CLEAR,1.53,Trivex (Impact Resistant)   ,7,1030,1080,1180,70,4,-6,0,-4,HIGH,Yes,150,ATO,,,,,Partial
Opto-tech ,ASV Sports Dynamic Sun Lens,Custom SV,CLEAR,1.5,-,7,795,-,895,70,4,-6,0,-4,STANDARD,Yes,150,ATO,,,,,Full
Opto-tech ,ASV Sports Dynamic Sun Lens,Custom SV,CLEAR,1.56,-,7,845,945,1045,70,4,-6,0,-4,STANDARD,Yes,150,ATO,,,,,Full
Opto-tech ,ASV Sports Dynamic Sun Lens,Custom SV,CLEAR,1.6,-,7,995,1095,1195,70,4,-8,0,-4,STANDARD,Yes,150,ATO,,,,,Full
Opto-tech ,ASV Sports Dynamic Sun Lens,Custom SV,CLEAR,1.67,-,7,1145,1245,1345,70,4,-10,0,-4,STANDARD,Yes,150,ATO,,,,,Full
Opto-tech ,ASV Sports Dynamic Sun Lens,Custom SV,CLEAR,1.74,-,7,1795,1925,2025,70,4,-12,0,-4,STANDARD,Yes,150,ATO,,,,,Full
Opto-tech ,ASV Sports Dynamic Sun Lens,Custom SV,CLEAR,1.53,Tribrid (Impact Resistant)   ,7,1245,1345,1445,70,4,-8,0,-4,HIGH,Yes,150,ATO,,,,,Full
Opto-tech ,ASV Sports Dynamic Sun Lens,Custom SV,CLEAR,1.53,Trivex (Impact Resistant)   ,7,1095,1245,1345,70,4,-6,0,-4,HIGH,Yes,150,ATO,,,,,Full
Opto-tech ,Atoric Single Vision (ASV),Custom SV,CLEAR,1.5,-,7,595,-,695,70,4,-6,0,-4,STANDARD,Yes,150,ATO,,,,,Partial
Opto-tech ,Atoric Single Vision (ASV),Custom SV,CLEAR,1.56,-,7,645,745,845,70,4,-6,0,-4,STANDARD,Yes,150,ATO,,,,,Partial
Opto-tech ,Atoric Single Vision (ASV),Custom SV,CLEAR,1.6,-,7,795,895,995,70,4,-8,0,-4,STANDARD,Yes,150,ATO,,,,,Partial
Opto-tech ,Atoric Single Vision (ASV),Custom SV,CLEAR,1.67,-,7,945,1045,1145,70,4,-10,0,-4,STANDARD,Yes,150,ATO,,,,,Partial
Opto-tech ,Atoric Single Vision (ASV),Custom SV,CLEAR,1.74,-,7,1545,1795,1895,70,4,-12,0,-4,STANDARD,Yes,150,ATO,,,,,Partial
Opto-tech ,Atoric Single Vision (ASV),Custom SV,CLEAR,1.53,Tribrid (Impact Resistant)   ,7,1045,1145,1245,70,4,-8,0,-4,HIGH,Yes,150,ATO,,,,,Partial
Opto-tech ,Atoric Single Vision (ASV),Custom SV,CLEAR,1.53,Trivex (Impact Resistant)   ,7,895,1045,1145,70,4,-6,0,-4,HIGH,Yes,150,ATO,,,,,Partial
Pentax , Energy,Anti-Fatigue,CLEAR,1.5,-,7,750,900, -,70,6,-8,0,-4,STANDARD,Yes,150,ATO,,,,,Partial
Pentax , Energy,Anti-Fatigue,CLEAR,1.55,-,7,850,1000,1100,70,6,-10,0,-4,STANDARD,Yes,150,ATO,,,,,Partial
Pentax , Energy,Anti-Fatigue,CLEAR,1.59,-,7,1050,1200, -,70,6,-10,0,-4,HIGH,Yes,150,ATO,,,,,Partial
Pentax , Energy,Anti-Fatigue,CLEAR,1.6,-,7,1050,1200,1300,70,6,-10,0,-4,STANDARD,Yes,150,ATO,,,,,Partial
Pentax , Energy,Anti-Fatigue,CLEAR,1.67,-,7,1350,1500,1600,70,7.5,-13,0,-4,STANDARD,Yes,150,ATO,,,,,Partial
Pentax , Energy,Anti-Fatigue,CLEAR,1.74,-,7,1850,2000, -,70,9,-13,0,-4,STANDARD,Yes,150,ATO,,,,,Partial
Pentax , Single Vision ASP Aspheric ,Custom SV,CLEAR,1.6,-,7,900,1050,1200,70,4,-10,0,-4,STANDARD,Yes,150,ASP,,,,,Partial
Pentax , Single Vision ASP Aspheric ,Custom SV,CLEAR,1.59,-,7,900,1050, -,70,6,-9,0,-4,HIGH,Yes,150,ASP,,,,,Partial
Pentax , Single Vision ASP Aspheric ,Custom SV,CLEAR,1.5,-,7,600,750, -,70,8,-8.5,0,-4,STANDARD,Yes,150,ASP,,,,,Partial
Pentax , Single Vision ASP Aspheric ,Custom SV,CLEAR,1.55,-,7,700,850,1000,70,8,-10,0,-4,STANDARD,Yes,150,ASP,,,,,Partial
Pentax , Single Vision ASP Aspheric ,Custom SV,CLEAR,1.67,-,7,1200,1350,1500,70,10,-15,0,-4,STANDARD,Yes,150,ASP,,,,,Partial
Pentax , Single Vision ASP Aspheric ,Custom SV,CLEAR,1.74,-,7,1800,1950, -,70,10,-15,0,-5,STANDARD,Yes,150,ASP,,,,,Partial
Pentax , Single Vision DAS Double Aspheric ,Custom SV,CLEAR,1.5,-,7,950,1100, -,70,8,-8.5,0,-4,STANDARD,Yes,150,DAS,,,,,Partial
Pentax , Single Vision DAS Double Aspheric ,Custom SV,CLEAR,1.6,-,7,1150,1300,1450,70,8,-10,0,-4,STANDARD,Yes,150,DAS,,,,,Partial
Pentax , Single Vision DAS Double Aspheric ,Custom SV,CLEAR,1.67,-,7,1450,1600,1750,70,10,-15,0,-4,STANDARD,Yes,150,DAS,,,,,Partial
Pentax , Single Vision DAS Double Aspheric ,Custom SV,CLEAR,1.74,-,7,2100,2250, -,70,10,-18,0,-6,STANDARD,Yes,150,DAS,,,,,Partial
Pentax ,Office,Office,CLEAR,1.5,-,7,1105,1300, -,70,6,-8,0,-4,STANDARD,Yes,150,-,,,,,
Pentax ,Office,Office,CLEAR,1.55,-,7,1235,1430,1530,70,6,-10,0,-4,STANDARD,Yes,150,-,,,,,
Pentax ,Office,Office,CLEAR,1.59,-,7,1495,1690, -,70,6,-10,0,-4,HIGH,Yes,150,-,,,,,
Pentax ,Office,Office,CLEAR,1.6,-,7,1625,1820,1920,70,6,-10,0,-4,STANDARD,Yes,150,-,,,,,
Pentax ,Office,Office,CLEAR,1.67,-,7,2015,2210,2310,70,7.5,-10,0,-4,STANDARD,Yes,150,-,,,,,
Pentax ,Pentax Stock ASP Aspheric,Stock SV,CLEAR,1.74,-,7,950,1150,-,70,-14,-15,0,0,STANDARD,No,150,ASP,,,,,None
Pentax ,Pentax Stock ASP Aspheric,Stock SV,CLEAR,1.74,-,7,950,1150,-,70,-10.5,-13,0,0,STANDARD,No,150,ASP,,,,,None
Pentax ,Pentax Stock ASP Aspheric,Stock SV,CLEAR,1.67,-,3,610,810,-,65,-8.25,-10,0,-2,STANDARD,No,150,ASP,,,,,None
Pentax ,Pentax Stock ASP Aspheric,Stock SV,CLEAR,1.67,-,3,610,810,-,65,-6.25,-8,0,-2,STANDARD,No,150,ASP,,,,,None
Pentax ,Pentax Stock ASP Aspheric,Stock SV,CLEAR,1.67,-,3,610,810,-,70,-4,-10,0,-2,STANDARD,No,150,ASP,,,,,None
Pentax ,Pentax Stock ASP Aspheric,Stock SV,CLEAR,1.67,-,3,610,810,-,70,-3,-6,0,-2,STANDARD,No,150,ASP,,,,,None
Pentax ,Pentax Stock ASP Aspheric Minus RX,Stock SV,CLEAR,1.55,-,3,380,450,-,70,0,-6,0,-2,STANDARD,No,150,ASP,,,,,None
Pentax ,Pentax Stock ASP Aspheric,Stock SV,CLEAR,1.6,-,3,480,550,-,70,0,-10,0,-2,STANDARD,No,150,ASP,,,,,None
Pentax ,Pentax Stock ASP Aspheric Plus RX,Stock SV,CLEAR,1.55,-,3,380,450,-,65,0.25,6,0,-2,STANDARD,No,150,ASP,,,,,None
Pentax ,Pentax Stock ASP Aspheric,Stock SV,CLEAR,1.6,-,3,480,550,-,65,0.25,6,0,-2,STANDARD,No,150,ASP,,,,,None
Pentax ,Single Vision SPH Spheric,Custom SV,CLEAR,1.59,-,7,900,1050, -,70,6,-10,0,-4,HIGH,Yes,150,SPH,,,,,Partial
Pentax ,Single Vision SPH Spheric,Custom SV,CLEAR,1.55,-,7,700,850,1000,70,8,-11,0,-4,STANDARD,Yes,150,SPH,,,,,Partial
Pentax ,Single Vision SPH Spheric,Custom SV,CLEAR,1.6,-,7,900,1050,1200,70,8,-13,0,-4,STANDARD,Yes,150,SPH,,,,,Partial
Pentax ,Single Vision SPH Spheric,Custom SV,CLEAR,1.67,-,7,1300,1450,1600,70,8,-15,0,-4,STANDARD,Yes,150,SPH,,,,,Partial
Pentax ,Single Vision SPH Spheric,Custom SV,CLEAR,1.5,-,7,600,750, -,70,10,-10,0,-6,STANDARD,Yes,150,SPH,,,,,Partial
Rayfilter ,Rayfilter,Stock SV,CLEAR,1.67,-,3,450,500,-,70,-12.5,-15,0,0,STANDARD,No,150,NONE,,,,,None
Rayfilter ,Rayfilter,Stock SV,CLEAR,1.74,-,3,-,750,-,70,-4,-13,0,-2,STANDARD,No,150,NONE,,,,,None
Rayfilter ,Rayfilter,Stock SV,CLEAR,1.74,-,3,-,750,-,70,-4,-10,0,-3,STANDARD,No,150,NONE,,,,,None
Rayfilter ,Rayfilter,Stock SV,CLEAR,1.67,-,3,450,500,-,70,-3,-12,0,-2,STANDARD,No,150,NONE,,,,,None
Rayfilter ,Rayfilter,Stock SV,CLEAR,1.67,-,3,450,500,-,70,-3,-10,0,-4,STANDARD,No,150,NONE,,,,,None
Rayfilter ,Rayfilter Plus RX,Stock SV,CLEAR,1.56,-,3,250,300,350,70,4,0,0,-2,STANDARD,No,150,ASP,,,,,None
Rayfilter ,Rayfilter Minus RX,Stock SV,CLEAR,1.56,-,3,250,300,350,70,0,-8,0,-4,STANDARD,No,150,ASP,,,,,None
Rayfilter ,Rayfilter,Stock SV,CLEAR,1.6,-,3,300,350,400,70,0,-8,0,-4,STANDARD,No,150,NONE,,,,,None
Rodenstock , Impression B.I.G. Norm Ergo,Office,CLEAR,1.54,-,7,3400,3950, -,70,6,-8,0,-4,STANDARD,Yes,150,-,,,,,
Rodenstock , Impression B.I.G. Norm Ergo,Office,CLEAR,1.6,-,7,3750,4350, -,70,6,-10,0,-6,STANDARD,Yes,150,-,,,,,
Rodenstock , Impression B.I.G. Norm Ergo,Office,CLEAR,1.67,-,7,4150,4750, -,70,6,-12,0,-6,STANDARD,Yes,150,-,,,,,
Rodenstock , Impression B.I.G. Norm Ergo,Office,CLEAR,1.74,-,7,5650,6250, -,70,6,-13,0,-6,STANDARD,Yes,150,-,,,,,
Rodenstock , Multigressiv B.I.G. Norm Ergo,Office,CLEAR,1.54,-,7,2800,3350, -,70,6,-8,0,-4,STANDARD,Yes,150,-,,,,,
Rodenstock , Multigressiv B.I.G. Norm Ergo,Office,CLEAR,1.6,-,7,3150,3750, -,70,6,-10,0,-6,STANDARD,Yes,150,-,,,,,
Rodenstock , Multigressiv B.I.G. Norm Ergo,Office,CLEAR,1.67,-,7,3550,4150, -,70,6,-12,0,-6,STANDARD,Yes,150,-,,,,,
Rodenstock , Multigressiv B.I.G. Norm Ergo,Office,CLEAR,1.74,-,7,5050,5650, -,70,6,-13,0,-6,STANDARD,Yes,150,-,,,,,
Rodenstock , Multigressiv Ergo 2,Office,CLEAR,1.5,-,7,2050,2650, -,70,6,-8,0,-4,STANDARD,Yes,150,-,,,,,
Rodenstock , Multigressiv Ergo 2,Office,CLEAR,1.6,-,7,2450,3050, -,70,6,-10,0,-4,STANDARD,Yes,150,-,,,,,
Rodenstock , Multigressiv Ergo 2,Office,CLEAR,1.67,-,7,2850,3450, -,70,6,-10,0,-4,STANDARD,Yes,150,-,,,,,
Rodenstock , MyCon,Myopia Control,CLEAR,1.54,-,7,1195,1580, -,70,0,-8,0,-4,STANDARD,Yes,150,-,,,,,
Rodenstock , MyCon,Myopia Control,CLEAR,1.6,-,7,1380,1780, -,70,0,-10,0,-6,STANDARD,Yes,150,-,,,,,
Rodenstock , MyCon,Myopia Control,CLEAR,1.67,-,7,1680,2080, -,70,0,-12,0,-6,STANDARD,Yes,150,-,,,,,
Rodenstock , MyCon,Myopia Control,CLEAR,1.74,-,7,2280,2680, -,70,0,-12,0,-6,STANDARD,Yes,150,-,,,,,
Rodenstock , MyCon 2,Myopia Control,CLEAR,1.54,-,7,1695,1880, -,70,0,-8,0,-4,STANDARD,Yes,150,-,,,,,
Rodenstock , MyCon 2,Myopia Control,CLEAR,1.6,-,7,1880,2080, -,70,0,-10,0,-6,STANDARD,Yes,150,-,,,,,
Rodenstock , MyCon 2,Myopia Control,CLEAR,1.67,-,7,2180,2380, -,70,0,-12,0,-6,STANDARD,Yes,150,-,,,,,
Rodenstock , MyCon 2,Myopia Control,CLEAR,1.74,-,7,2780,2980, -,70,0,-12,0,-6,STANDARD,Yes,150,-,,,,,
Rodenstock , Progressiv Ergo 2,Office,CLEAR,1.5,-,7,1450,2050, -,70,6,-8,0,-4,STANDARD,Yes,150,-,,,,,
Rodenstock , Progressiv Ergo 2,Office,CLEAR,1.6,-,7,1850,2450, -,70,6,-10,0,-4,STANDARD,Yes,150,-,,,,,
Rodenstock , Progressiv Ergo 2,Office,CLEAR,1.67,-,7,2250,2850, -,70,6,-10,0,-4,STANDARD,Yes,150,-,,,,,
Rodenstock ,Cosmolit Free,Custom SV,CLEAR,1.54,-,7,1250,1850,-,70,6,-8,0,-4,STANDARD,Yes,150,ATO,,,,,Partial
Rodenstock ,Cosmolit Free,Custom SV,CLEAR,1.6,-,7,1650,2250,-,70,6,-10,0,-4,STANDARD,Yes,150,ATO,,,,,Partial
Rodenstock ,Cosmolit Free,Custom SV,CLEAR,1.67,-,7,2050,2650,-,70,6,-12,0,-4,STANDARD,Yes,150,ATO,,,,,Partial
Rodenstock ,Impression B.I.G. NORM Mono,Custom SV,CLEAR,1.54,-,7,3100,3650,-,70,6,-8,0,-4,STANDARD,Yes,150,ATO,,,,,Full
Rodenstock ,Impression B.I.G. NORM Mono,Custom SV,CLEAR,1.6,-,7,3450,4050,-,70,6,-10,0,-4,STANDARD,Yes,150,ATO,,,,,Full
Rodenstock ,Impression B.I.G. NORM Mono,Custom SV,CLEAR,1.67,-,7,3850,4350,-,70,6,-12,0,-4,STANDARD,Yes,150,ATO,,,,,Full
Rodenstock ,Impression B.I.G. NORM Mono,Custom SV,CLEAR,1.74,-,7,5350,-,-,70,6,-14,0,-4,STANDARD,Yes,150,ATO,,,,,Full
Rodenstock ,Impression B.I.G. NORM Mono Plus,Anti-Fatigue,CLEAR,1.54,-,7,3300,3850,-,70,6,-8,0,-4,STANDARD,Yes,150,ATO,,,,,Full
Rodenstock ,Impression B.I.G. NORM Mono Plus,Anti-Fatigue,CLEAR,1.6,-,7,3650,4250,-,70,6,-10,0,-4,STANDARD,Yes,150,ATO,,,,,Full
Rodenstock ,Impression B.I.G. NORM Mono Plus,Anti-Fatigue,CLEAR,1.67,-,7,4050,4550,-,70,6,-12,0,-4,STANDARD,Yes,150,ATO,,,,,Full
Rodenstock ,Impression B.I.G. NORM Mono Plus,Anti-Fatigue,CLEAR,1.74,-,7,5550,-,-,70,6,-14,0,-4,STANDARD,Yes,150,ATO,,,,,Full
Rodenstock ,Impression B.I.G. NORM Mono Sport,Custom SV,CLEAR,1.5,-,7,3350,3900,-,70,4,-5,0,-4,STANDARD,Yes,150,ATO,,,,,Full
Rodenstock ,Impression B.I.G. NORM Mono Sport,Custom SV,CLEAR,1.6,-,7,3700,4300,-,70,4,-6,0,-4,STANDARD,Yes,150,ATO,,,,,Full
Rodenstock ,Impression B.I.G. NORM Mono Sport,Custom SV,CLEAR,1.67,-,7,4100,4700,-,70,4,-6,0,-4,STANDARD,Yes,150,ATO,,,,,Full
Rodenstock ,Multigressiv B.I.G. NORM Mono,Custom SV,CLEAR,1.54,-,7,2600,3150,-,70,6,-8,0,-4,STANDARD,Yes,150,ATO,,,,,Full
Rodenstock ,Multigressiv B.I.G. NORM Mono,Custom SV,CLEAR,1.6,-,7,2950,3550,-,70,6,-10,0,-4,STANDARD,Yes,150,ATO,,,,,Full
Rodenstock ,Multigressiv B.I.G. NORM Mono,Custom SV,CLEAR,1.67,-,7,3350,3750,-,70,6,-12,0,-4,STANDARD,Yes,150,ATO,,,,,Full
Rodenstock ,Multigressiv B.I.G. NORM Mono,Custom SV,CLEAR,1.74,-,7,4850,-,-,70,6,-14,0,-4,STANDARD,Yes,150,ATO,,,,,Full
Rodenstock ,Multigressiv B.I.G. NORM Mono Plus,Anti-Fatigue,CLEAR,1.54,-,7,2800,3350,-,70,6,-8,0,-4,STANDARD,Yes,150,ATO,,,,,Partial
Rodenstock ,Multigressiv B.I.G. NORM Mono Plus,Anti-Fatigue,CLEAR,1.6,-,7,3150,3750,-,70,6,-10,0,-4,STANDARD,Yes,150,ATO,,,,,Partial
Rodenstock ,Multigressiv B.I.G. NORM Mono Plus,Anti-Fatigue,CLEAR,1.67,-,7,3550,3950,-,70,6,-12,0,-4,STANDARD,Yes,150,ATO,,,,,Partial
Rodenstock ,Multigressiv B.I.G. NORM Mono Plus,Anti-Fatigue,CLEAR,1.74,-,7,5050,-,-,70,6,-14,0,-4,STANDARD,Yes,150,ATO,,,,,Partial
Rodenstock ,Multigressiv Mono 2,Custom SV,CLEAR,1.54,-,7,1550,2150,-,70,6,-8,0,-4,STANDARD,Yes,150,ATO,,,,,Partial
Rodenstock ,Multigressiv Mono 2,Custom SV,CLEAR,1.6,-,7,1950,2550,-,70,6,-10,0,-4,STANDARD,Yes,150,ATO,,,,,Partial
Rodenstock ,Multigressiv Mono 2,Custom SV,CLEAR,1.67,-,7,2350,2950,-,70,6,-12,0,-4,STANDARD,Yes,150,ATO,,,,,Partial
Rodenstock ,Multigressiv Mono Plus 2,Anti-Fatigue,CLEAR,1.54,-,7,1850,2450,-,70,6,-8,0,-4,STANDARD,Yes,150,ATO,,,,,Partial
Rodenstock ,Multigressiv Mono Plus 2,Anti-Fatigue,CLEAR,1.6,-,7,2250,2850,-,70,6,-10,0,-4,STANDARD,Yes,150,ATO,,,,,Partial
Rodenstock ,Multigressiv Mono Plus 2,Anti-Fatigue,CLEAR,1.67,-,7,2650,3250,-,70,6,-12,0,-4,STANDARD,Yes,150,ATO,,,,,Partial
Rodenstock ,Perfalux,Custom SV,CLEAR,1.6,-,7,2480,-,-,70,8,-10,0,-4,STANDARD,Yes,150,ASP,,,,,Partial
Rodenstock ,Perfalux,Custom SV,CLEAR,1.8,-,7,3980,-,-,70,8,-18,0,-4,STANDARD,Yes,150,ASP,,,,,Partial
Seiko , A-Zone Base 5 - Wide View Aspheric for Base 5,Custom SV,CLEAR,1.74,-,7,2800,3000,3100,70,6,-12,0,-5,STANDARD,Yes,150,DAS,,,,,Full
Seiko , A-Zone Base 5 - Wide View Aspheric for Base 5,Custom SV,CLEAR,1.67,-,7,2100,2300,2400,70,7,-18,0,-5,STANDARD,Yes,150,DAS,,,,,Full
Seiko , A-Zone Base 5 - Wide View Aspheric for Base 5,Custom SV,CLEAR,1.6,-,7,1800,2000,2100,70,10,-10,0,-5,STANDARD,Yes,150,DAS,,,,,Full
Seiko ,A-Zone Base 3 - Wide View Aspheric for Base 3,Custom SV,CLEAR,1.74,-,7,2800,3000,3100,70,12,-14,0,-6,STANDARD,No,0,DAS,,,,,Full
Seiko , I Xceed,Custom SV,CLEAR,1.5,-,7,1700,1900,1800,70,6,-10,0,-5,STANDARD,Yes,150,ATO,,,,,Full
Seiko , I Xceed,Custom SV,CLEAR,1.6,-,7,1800,2000,2100,70,6,-7.5,0,-5,STANDARD,Yes,150,ATO,,,,,Full
Seiko , I Xceed,Custom SV,CLEAR,1.67,-,7,2500,2700,2800,70,6,-12,0,-5,STANDARD,Yes,150,ATO,,,,,Full
Seiko , I Xceed,Custom SV,CLEAR,1.74,-,7,3300,3500,3600,70,6,-12,0,-5,STANDARD,Yes,150,ATO,,,,,Full
Seiko , Indoor LD 200cm,Office,CLEAR,1.6,-,7,1700,1900,2000,70,6,-12,0,-5,STANDARD,Yes,150,-,,,,,
Seiko , Indoor LD 200cm,Office,CLEAR,1.67,-,7,2050,2250,2350,70,6,-12,0,-5,STANDARD,Yes,150,-,,,,,
Seiko , Indoor MD 100cm,Office,CLEAR,1.6,-,7,1700,1900,2000,70,6,-12,0,-5,STANDARD,Yes,150,-,,,,,
Seiko , Indoor MD 100cm,Office,CLEAR,1.67,-,7,2050,2250,2350,70,6,-7.5,0,-5,STANDARD,Yes,150,-,,,,,
Seiko , SmartZoom,Anti-Fatigue,CLEAR,1.5,-,7,1150,1350,1450,70,0,-9,0,-5,STANDARD,Yes,150,ATO,,,,,Partial
Seiko , SmartZoom,Anti-Fatigue,CLEAR,1.67,-,7,2150,2350,2450,70,0,-8,0,-5,STANDARD,Yes,150,ATO,,,,,Partial
Seiko , SmartZoom,Anti-Fatigue,CLEAR,1.6,-,7,1450,1650,1750,70,4,-6,0,-5,STANDARD,Yes,150,ATO,,,,,Partial
Seiko , SmartZoom,Anti-Fatigue,CLEAR,1.74,-,7,3150,3350,3450,70,5,-7,0,-5,STANDARD,Yes,150,ATO,,,,,Partial
Seiko , SmartZoom Xceed,Anti-Fatigue,CLEAR,1.6,-,7,1650,1850,1950,70,8,-10,0,-4,STANDARD,Yes,150,ATO,,,,,Full
Seiko , SmartZoom Xceed,Anti-Fatigue,CLEAR,1.74,-,7,3050,3350,3650,70,8,-10,0,-4,STANDARD,Yes,150,ATO,,,,,Full
Seiko , SmartZoom Xceed,Anti-Fatigue,CLEAR,1.5,-,7,1350,1550,1650,70,10,-15,0,-6,STANDARD,Yes,150,ATO,,,,,Full
Seiko , SmartZoom Xceed,Anti-Fatigue,CLEAR,1.67,-,7,2350,2550,2650,70,10,-15,0,-6,STANDARD,Yes,150,ATO,,,,,Full
Seiko ,A-Zone Base 3 - Wide View Aspheric for Base 3,Custom SV,CLEAR,1.6,-,7,1800,2000,2100,70,12,-12,0,-6,STANDARD,Yes,150,DAS,,,,,Full
Seiko ,A-Zone Base 3 - Wide View Aspheric for Base 3,Custom SV,CLEAR,1.67,-,7,2100,2300,2400,70,12,-12,0,-6,STANDARD,Yes,150,DAS,,,,,Full
Seiko ,Seiko AS UVF,Stock SV,CLEAR,1.67,-,7,-,630,-,70,0,-18,0,-6,STANDARD,No,150,ASP,,,,,None
Seiko ,Seiko AS UVF,Stock SV,CLEAR,1.6,-,7,-,730,-,70,0,-14,0,-6,STANDARD,No,150,ASP,,,,,None
Seiko ,Single Vision RX ASP,Custom SV,CLEAR,1.67,-,7,1500,1700,1800,70,0,-10,0,-5,STANDARD,Yes,150,ASP,,,,,Partial
Seiko ,Single Vision RX ASP,Custom SV,CLEAR,1.74,-,7,2100,2300,2400,70,5,-7,0,-5,STANDARD,Yes,150,ASP,,,,,Partial
Seiko ,Single Vision RX ASP,Custom SV,CLEAR,1.6,-,7,1000,1200,1300,70,6,-8,0,-5,STANDARD,Yes,150,ASP,,,,,Partial
Advance Lens,Stock Single Vision,Stock SV,PHOTOCHROMIC,1.59,Grey,3,-,570,-,70,0,0,0,0,HIGH,No,150,NONE,,,,,None
Advance Lens,RX Single Vision,Custom SV,PHOTOCHROMIC,1.56,Grey,7,-,600,-,70,4,-6,0,-4,STANDARD,No,0,SPH,,,,,Partial
Advance Lens,RX Single Vision,Custom SV,PHOTOCHROMIC,1.6,Grey,7,-,740,-,70,4,-6,0,-4,STANDARD,No,0,SPH,,,,,Partial
Advance Lens,Stock Single Vision,Stock SV,PHOTOCHROMIC,1.59,Photochromic Grey & Polarized Grey/Brown,3,-,740,-,70,0,0,0,0,HIGH,No,150,NONE,,,,,None
Advance Lens,RX Single Vision,Custom SV,PHOTOCHROMIC,1.67,Grey,7,-,1700,-,70,4,-8,0,-4,STANDARD,No,0,SPH,,,,,Partial
Opto-tech ,Atoric Single Vision (ASV),Custom SV,PHOTOCHROMIC,1.5,Transitions XTRActive Grey,7,-,1285,1285,70,4,-6,0,-4,STANDARD,No,0,ATO,,,,,Partial
Opto-tech ,Anti-Fatigue Freeform Functional,Anti-Fatigue,PHOTOCHROMIC,1.5,Transitions XTRActive Grey,7,-,1320,1320,70,4,-6,0,-4,STANDARD,No,0,ATO,,,,,Partial
Opto-tech ,ASV Sports Dynamic Sun Lens,Custom SV,PHOTOCHROMIC,1.5,Transitions XTRActive Grey,7,-,1485,1485,70,4,-6,0,-4,STANDARD,No,0,ATO,,,,,Full
Opto-tech ,Atoric Single Vision (ASV),Custom SV,PHOTOCHROMIC,1.53,Transitions XTRActive Grey,7,-,1785,1785,70,4,-6,0,-4,HIGH,No,0,ATO,,,,,Partial
Opto-tech ,Anti-Fatigue Freeform Functional,Anti-Fatigue,PHOTOCHROMIC,1.53,Transitions XTRActive Grey,7,-,1920,1920,70,4,-6,0,-4,HIGH,No,0,ATO,,,,,Partial
Opto-tech ,ASV Sports Dynamic Sun Lens,Custom SV,PHOTOCHROMIC,1.53,Transitions XTRActive Grey,7,-,1985,1985,70,4,-6,0,-4,HIGH,No,0,ATO,,,,,Full
Opto-tech ,Atoric Single Vision (ASV),Custom SV,PHOTOCHROMIC,1.56,Vibrant Dark Brown / Green / Blue / Purple / Pink  ,7,-,895,995,70,4,-6,0,-4,STANDARD,No,0,ATO,,,,,Partial
Opto-tech ,Anti-Fatigue Freeform Functional,Anti-Fatigue,PHOTOCHROMIC,1.56,Vibrant Dark Brown / Green / Blue / Purple / Pink  ,7,-,1030,1130,70,4,-6,0,-4,STANDARD,No,0,ATO,,,,,Partial
Opto-tech ,ASV Sports Dynamic Sun Lens,Custom SV,PHOTOCHROMIC,1.56,Vibrant Dark Brown / Green / Blue / Purple / Pink  ,7,-,1095,1195,70,4,-6,0,-4,STANDARD,No,0,ATO,,,,,Full
Opto-tech ,Atoric Single Vision (ASV),Custom SV,PHOTOCHROMIC,1.6,Transitions XTRActive Grey,7,-,1635,1635,70,4,-8,0,-4,STANDARD,No,0,ATO,,,,,Partial
Opto-tech ,Anti-Fatigue Freeform Functional,Anti-Fatigue,PHOTOCHROMIC,1.6,Transitions XTRActive Grey,7,-,1770,1770,70,4,-8,0,-4,STANDARD,No,0,ATO,,,,,Partial
Opto-tech ,ASV Sports Dynamic Sun Lens,Custom SV,PHOTOCHROMIC,1.6,Transitions XTRActive Grey,7,-,1835,1835,70,4,-8,0,-4,STANDARD,No,0,ATO,,,,,Full
Opto-tech ,Anti-Fatigue Freeform Functional,Anti-Fatigue,PHOTOCHROMIC,1.6,Sunergy Grey   ,7,-,1280,1380,70,4,-8,0,-4,STANDARD,No,0,ATO,,,,,Partial
Opto-tech ,ASV Sports Dynamic Sun Lens,Custom SV,PHOTOCHROMIC,1.6,Sunergy Grey   ,7,-,1345,1445,70,4,-8,0,-4,STANDARD,No,0,ATO,,,,,Full
Opto-tech ,Atoric Single Vision (ASV),Custom SV,PHOTOCHROMIC,1.6,Sunergy Grey   ,7,-,1045,1145,70,4,-8,0,-4,STANDARD,No,0,ATO,,,,,Partial
Opto-tech ,Atoric Single Vision (ASV),Custom SV,PHOTOCHROMIC,1.67,Transitions XTRActive Grey,7,-,1955,1955,70,4,-10,0,-4,STANDARD,No,0,ATO,,,,,Partial
Opto-tech ,Anti-Fatigue Freeform Functional,Anti-Fatigue,PHOTOCHROMIC,1.67,Transitions XTRActive Grey,7,-,2090,2090,70,4,-10,0,-4,STANDARD,No,0,ATO,,,,,Partial
Opto-tech ,ASV Sports Dynamic Sun Lens,Custom SV,PHOTOCHROMIC,1.67,Transitions XTRActive Grey,7,-,2155,2155,70,4,-10,0,-4,STANDARD,No,0,ATO,,,,,Full
Opto-tech ,Anti-Fatigue Freeform Functional,Anti-Fatigue,PHOTOCHROMIC,1.67,Sunergy Grey   ,7,-,1580,1680,70,4,-10,0,-4,STANDARD,No,0,ATO,,,,,Partial
Opto-tech ,ASV Sports Dynamic Sun Lens,Custom SV,PHOTOCHROMIC,1.67,Sunergy Grey   ,7,-,1595,1695,70,4,-10,0,-4,STANDARD,No,0,ATO,,,,,Full
Opto-tech ,Atoric Single Vision (ASV),Custom SV,PHOTOCHROMIC,1.67,Sunergy Grey   ,7,-,1445,1545,70,4,-10,0,-4,STANDARD,No,0,ATO,,,,,Partial
Opto-tech ,Atoric Single Vision (ASV),Custom SV,PHOTOCHROMIC,1.74,Transitions  Normal  ,7,-,2995,2995,70,4,-12,0,-4,STANDARD,No,0,ATO,,,,,Partial
Opto-tech ,Anti-Fatigue Freeform Functional,Anti-Fatigue,PHOTOCHROMIC,1.74,Transitions  Normal  ,7,-,3130,3130,70,4,-12,0,-4,STANDARD,No,0,ATO,,,,,Partial
Opto-tech ,ASV Sports Dynamic Sun Lens,Custom SV,PHOTOCHROMIC,1.74,Transitions  Normal  ,7,-,3195,3195,70,4,-12,0,-4,STANDARD,No,0,ATO,,,,,Full
Opto-tech ,Anti-Fatigue Freeform Functional,Anti-Fatigue,PHOTOCHROMIC,1.74,Sunergy Grey   ,7,-,2230,2330,70,4,-12,0,-4,STANDARD,No,0,ATO,,,,,Partial
Opto-tech ,ASV Sports Dynamic Sun Lens,Custom SV,PHOTOCHROMIC,1.74,Sunergy Grey   ,7,-,2295,2395,70,4,-12,0,-4,STANDARD,No,0,ATO,,,,,Full
Opto-tech ,Atoric Single Vision (ASV),Custom SV,PHOTOCHROMIC,1.74,Sunergy Grey   ,7,-,2095,2195,70,4,-12,0,-4,STANDARD,No,0,ATO,,,,,Partial
Pentax ,Single Vision SPH Spheric,Custom SV,PHOTOCHROMIC,1.5," Sensity 2 Brown, Grey, Green",7,-,1500, -,70,10,-10,0,-6,STANDARD,No,0,SPH,,,,,Partial
Pentax , Single Vision ASP Aspheric ,Custom SV,PHOTOCHROMIC,1.55," Sensity 2 Brown, Grey, Green",7,-,1600, -,70,8,-10,0,-4,STANDARD,No,0,ASP,,,,,Partial
Pentax ,Single Vision SPH Spheric,Custom SV,PHOTOCHROMIC,1.55," Sensity 2 Brown, Grey, Green",7,-,1600, -,70,8,-11,0,-4,STANDARD,No,0,SPH,,,,,Partial
Pentax , Energy,Anti-Fatigue,PHOTOCHROMIC,1.5," Sensity 2 Brown, Grey, Green",7,-,1650, -,70,6,-8,0,-4,STANDARD,No,0,ATO,,,,,Partial
Pentax , Energy,Anti-Fatigue,PHOTOCHROMIC,1.55," Sensity 2 Brown, Grey, Green",7,-,1750, -,70,6,-10,0,-4,STANDARD,No,0,ATO,,,,,Partial
Pentax , Single Vision ASP Aspheric ,Custom SV,PHOTOCHROMIC,1.6," Sensity 2 Brown, Grey, Green",7,-,1800, -,70,8,-10,0,-4,STANDARD,No,0,ASP,,,,,Partial
Pentax ,Single Vision SPH Spheric,Custom SV,PHOTOCHROMIC,1.59," Sensity 2 Brown, Grey, Green",7,-,1800, -,70,6,-10,0,-4,HIGH,No,0,SPH,,,,,Partial
Pentax ,Single Vision SPH Spheric,Custom SV,PHOTOCHROMIC,1.6," Sensity 2 Brown, Grey, Green",7,-,1800, -,70,8,-13,0,-4,STANDARD,No,0,SPH,,,,,Partial
Pentax , Single Vision DAS Double Aspheric ,Custom SV,PHOTOCHROMIC,1.5," Sensity 2 Brown, Grey, Green",7,-,1850, -,70,8,-8.5,0,-4,STANDARD,No,0,DAS,,,,,Partial
Pentax , Energy,Anti-Fatigue,PHOTOCHROMIC,1.59," Sensity 2 Brown, Grey, Green",7,-,1950, -,70,6,-10,0,-4,HIGH,No,0,ATO,,,,,Partial
Pentax , Energy,Anti-Fatigue,PHOTOCHROMIC,1.6," Sensity 2 Brown, Grey, Green",7,-,1950, -,70,6,-10,0,-4,STANDARD,No,0,ATO,,,,,Partial
Pentax , Single Vision DAS Double Aspheric ,Custom SV,PHOTOCHROMIC,1.6," Sensity 2 Brown, Grey, Green",7,-,2050, -,70,8,-10,0,-4,STANDARD,No,0,DAS,,,,,Partial
Pentax , Single Vision ASP Aspheric ,Custom SV,PHOTOCHROMIC,1.67," Sensity 2 Brown, Grey, Green",7,-,2100, -,70,10,-15,0,-4,STANDARD,No,0,ASP,,,,,Partial
Pentax ,Single Vision SPH Spheric,Custom SV,PHOTOCHROMIC,1.67," Sensity 2 Brown, Grey, Green",7,-,2200, -,70,8,-15,0,-4,STANDARD,No,0,SPH,,,,,Partial
Pentax , Energy,Anti-Fatigue,PHOTOCHROMIC,1.67," Sensity 2 Brown, Grey, Green",7,-,2250, -,70,7.5,-13,0,-4,STANDARD,No,0,ATO,,,,,Partial
Pentax , Single Vision DAS Double Aspheric ,Custom SV,PHOTOCHROMIC,1.67," Sensity 2 Brown, Grey, Green",7,-,2350, -,70,10,-15,0,-4,STANDARD,No,0,DAS,,,,,Partial
Pentax , Single Vision ASP Aspheric ,Custom SV,PHOTOCHROMIC,1.5," Sensity 2 Brown, Grey, Green",7,-,1500, -,70,8,-8.5,0,-4,STANDARD,No,0,ASP,,,,,Partial
Pentax , Single Vision ASP Aspheric ,Custom SV,PHOTOCHROMIC,1.5, Sensity 2 Dark Grey,7,-,1600, -,70,8,-8.5,0,-4,STANDARD,No,0,ASP,,,,,Partial
Pentax ,Single Vision SPH Spheric,Custom SV,PHOTOCHROMIC,1.5, Sensity 2 Dark Grey,7,-,1600, -,70,10,-10,0,-6,STANDARD,No,0,SPH,,,,,Partial
Pentax , Single Vision ASP Aspheric ,Custom SV,PHOTOCHROMIC,1.55, Sensity 2 Dark Grey,7,-,1700, -,70,8,-10,0,-4,STANDARD,No,0,ASP,,,,,Partial
Pentax ,Single Vision SPH Spheric,Custom SV,PHOTOCHROMIC,1.55, Sensity 2 Dark Grey,7,-,1700, -,70,8,-11,0,-4,STANDARD,No,0,SPH,,,,,Partial
Pentax , Energy,Anti-Fatigue,PHOTOCHROMIC,1.5, Sensity 2 Dark Grey,7,-,1750, -,70,6,-8,0,-4,STANDARD,No,0,ATO,,,,,Partial
Pentax , Energy,Anti-Fatigue,PHOTOCHROMIC,1.55, Sensity 2 Dark Grey,7,-,1850, -,70,6,-10,0,-4,STANDARD,No,0,ATO,,,,,Partial
Pentax , Single Vision ASP Aspheric ,Custom SV,PHOTOCHROMIC,1.6, Sensity 2 Dark Grey,7,-,1900, -,70,8,-10,0,-4,STANDARD,No,0,ASP,,,,,Partial
Pentax ,Single Vision SPH Spheric,Custom SV,PHOTOCHROMIC,1.59, Sensity 2 Dark Grey,7,-,1900, -,70,6,-10,0,-4,HIGH,No,0,SPH,,,,,Partial
Pentax ,Single Vision SPH Spheric,Custom SV,PHOTOCHROMIC,1.6, Sensity 2 Dark Grey,7,-,1900, -,70,8,-13,0,-4,STANDARD,No,0,SPH,,,,,Partial
Pentax , Single Vision DAS Double Aspheric ,Custom SV,PHOTOCHROMIC,1.5, Sensity 2 Dark Grey,7,-,1950, -,70,8,-8.5,0,-4,STANDARD,No,0,DAS,,,,,Partial
Pentax , Energy,Anti-Fatigue,PHOTOCHROMIC,1.59, Sensity 2 Dark Grey,7,-,2050, -,70,6,-10,0,-4,HIGH,No,0,ATO,,,,,Partial
Pentax , Energy,Anti-Fatigue,PHOTOCHROMIC,1.6, Sensity 2 Dark Grey,7,-,2050, -,70,6,-10,0,-4,STANDARD,No,0,ATO,,,,,Partial
Pentax , Single Vision DAS Double Aspheric ,Custom SV,PHOTOCHROMIC,1.6, Sensity 2 Dark Grey,7,-,2150, -,70,8,-10,0,-4,STANDARD,No,0,DAS,,,,,Partial
Pentax , Single Vision ASP Aspheric ,Custom SV,PHOTOCHROMIC,1.67, Sensity 2 Dark Grey,7,-,2200, -,70,10,-15,0,-4,STANDARD,No,0,ASP,,,,,Partial
Pentax ,Single Vision SPH Spheric,Custom SV,PHOTOCHROMIC,1.67, Sensity 2 Dark Grey,7,-,2300, -,70,8,-15,0,-4,STANDARD,No,0,SPH,,,,,Partial
Pentax , Energy,Anti-Fatigue,PHOTOCHROMIC,1.67, Sensity 2 Dark Grey,7,-,2350, -,70,7.5,-13,0,-4,STANDARD,No,0,ATO,,,,,Partial
Pentax , Single Vision DAS Double Aspheric ,Custom SV,PHOTOCHROMIC,1.67, Sensity 2 Dark Grey,7,-,2450, -,70,10,-15,0,-4,STANDARD,No,0,DAS,,,,,Partial
Pentax ,Stock Single Vision,Stock SV,PHOTOCHROMIC,1.55, Sensity 2 Dark Grey,3,-,850, -,70,0,-5,0,-2,STANDARD,No,150,SPH,,,,,Partial
Rayfilter ,Rayfilter,Stock SV,PHOTOCHROMIC,1.6,Sunergy Grey,3,-,600,-,65,0,-8,0,-4,STANDARD,No,150,NONE,,,,,None
Rayfilter ,Rayfilter,Stock SV,PHOTOCHROMIC,1.56,Sunergy Grey,3,-,430,-,70,0,-6,0,-2,STANDARD,No,150,NONE,,,,,None
Rayfilter ,Rayfilter,Stock SV,PHOTOCHROMIC,1.56,Sunergy Grey,3,-,430,-,70,0,-4,0,-4,STANDARD,No,150,NONE,,,,,None
Rayfilter ,Rayfilter,Stock SV,PHOTOCHROMIC,1.6,Sunergy Grey,3,-,600,-,70,0,-10,0,-2,STANDARD,No,150,NONE,,,,,None
Rayfilter ,Rayfilter,Stock SV,PHOTOCHROMIC,1.56,Sunergy Grey,3,-,430,-,65,0.25,4,0,-2,STANDARD,No,150,NONE,,,,,None
Rodenstock , MyCon,Myopia Control,PHOTOCHROMIC,1.54,ColorMatic Grey,7,-,1770, -,70,0,-8,0,-4,STANDARD,No,0,-,,,,,
Rodenstock , MyCon,Myopia Control,PHOTOCHROMIC,1.6,ColorMatic Grey,7,-,1970, -,70,0,-10,0,-6,STANDARD,No,0,-,,,,,
Rodenstock ,Cosmolit Free,Custom SV,PHOTOCHROMIC,1.54,ColorMatic Grey,7,-,2200,-,70,6,-8,0,-4,STANDARD,No,0,ATO,,,,,Partial
Rodenstock , MyCon,Myopia Control,PHOTOCHROMIC,1.67,ColorMatic Grey,7,-,2270, -,70,0,-12,0,-6,STANDARD,No,0,-,,,,,
Rodenstock , MyCon 2,Myopia Control,PHOTOCHROMIC,1.54,ColorMatic Grey,7,-,2270, -,70,0,-8,0,-4,STANDARD,No,0,-,,,,,
Rodenstock , MyCon 2,Myopia Control,PHOTOCHROMIC,1.6,ColorMatic Grey,7,-,2470, -,70,0,-10,0,-6,STANDARD,No,0,-,,,,,
Rodenstock ,Multigressiv Mono 2,Custom SV,PHOTOCHROMIC,1.54,ColorMatic Grey,7,-,2500,-,70,6,-8,0,-4,STANDARD,No,0,ATO,,,,,Partial
Rodenstock ,Cosmolit Free,Custom SV,PHOTOCHROMIC,1.6,ColorMatic Grey,7,-,2600,-,70,6,-10,0,-4,STANDARD,No,0,ATO,,,,,Partial
Rodenstock , MyCon 2,Myopia Control,PHOTOCHROMIC,1.67,ColorMatic Grey,7,-,2770, -,70,0,-12,0,-6,STANDARD,No,0,-,,,,,
Rodenstock ,Multigressiv Mono Plus 2,Anti-Fatigue,PHOTOCHROMIC,1.54,ColorMatic Grey,7,-,2800,-,70,6,-8,0,-4,STANDARD,No,0,ATO,,,,,Partial
Rodenstock , MyCon,Myopia Control,PHOTOCHROMIC,1.74,ColorMatic Grey,7,-,2870, -,70,0,-12,0,-6,STANDARD,No,0,-,,,,,
Rodenstock ,Multigressiv Mono 2,Custom SV,PHOTOCHROMIC,1.6,ColorMatic Grey,7,-,2900,-,70,6,-10,0,-4,STANDARD,No,0,ATO,,,,,Partial
Rodenstock ,Cosmolit Free,Custom SV,PHOTOCHROMIC,1.67,ColorMatic Grey,7,-,3000,-,70,6,-12,0,-4,STANDARD,No,0,ATO,,,,,Partial
Rodenstock ,Multigressiv Mono Plus 2,Anti-Fatigue,PHOTOCHROMIC,1.6,ColorMatic Grey,7,-,3200,-,70,6,-10,0,-4,STANDARD,No,0,ATO,,,,,Partial
Rodenstock ,Multigressiv Mono 2,Custom SV,PHOTOCHROMIC,1.67,ColorMatic Grey,7,-,3300,-,70,6,-12,0,-4,STANDARD,No,0,ATO,,,,,Partial
Rodenstock , MyCon 2,Myopia Control,PHOTOCHROMIC,1.74,ColorMatic Grey,7,-,3370, -,70,0,-12,0,-6,STANDARD,No,0,-,,,,,
Rodenstock ,Multigressiv B.I.G. NORM Mono,Custom SV,PHOTOCHROMIC,1.54,ColorMatic Grey,7,-,3550,-,70,6,-8,0,-4,STANDARD,No,0,ATO,,,,,Full
Rodenstock ,Multigressiv Mono Plus 2,Anti-Fatigue,PHOTOCHROMIC,1.67,ColorMatic Grey,7,-,3600,-,70,6,-12,0,-4,STANDARD,No,0,ATO,,,,,Partial
Rodenstock ,Multigressiv B.I.G. NORM Mono Plus,Anti-Fatigue,PHOTOCHROMIC,1.54,ColorMatic Grey,7,-,3750,-,70,6,-8,0,-4,STANDARD,No,0,ATO,,,,,Partial
Rodenstock ,Multigressiv B.I.G. NORM Mono,Custom SV,PHOTOCHROMIC,1.6,ColorMatic Grey,7,-,3900,-,70,6,-10,0,-4,STANDARD,No,0,ATO,,,,,Full
Rodenstock ,Impression B.I.G. NORM Mono,Custom SV,PHOTOCHROMIC,1.54,ColorMatic Grey,7,-,4050,-,70,6,-8,0,-4,STANDARD,No,0,ATO,,,,,Full
Rodenstock ,Multigressiv B.I.G. NORM Mono Plus,Anti-Fatigue,PHOTOCHROMIC,1.6,ColorMatic Grey,7,-,4100,-,70,6,-10,0,-4,STANDARD,No,0,ATO,,,,,Partial
Rodenstock ,Impression B.I.G. NORM Mono Plus,Anti-Fatigue,PHOTOCHROMIC,1.54,ColorMatic Grey,7,-,4250,-,70,6,-8,0,-4,STANDARD,No,0,ATO,,,,,Full
Rodenstock ,Multigressiv B.I.G. NORM Mono,Custom SV,PHOTOCHROMIC,1.67,ColorMatic Grey,7,-,4300,-,70,6,-12,0,-4,STANDARD,No,0,ATO,,,,,Full
Rodenstock ,Impression B.I.G. NORM Mono,Custom SV,PHOTOCHROMIC,1.6,ColorMatic Grey,7,-,4400,-,70,6,-10,0,-4,STANDARD,No,0,ATO,,,,,Full
Rodenstock ,Multigressiv B.I.G. NORM Mono Plus,Anti-Fatigue,PHOTOCHROMIC,1.67,ColorMatic Grey,7,-,4500,-,70,6,-12,0,-4,STANDARD,No,0,ATO,,,,,Partial
Rodenstock ,Impression B.I.G. NORM Mono Plus,Anti-Fatigue,PHOTOCHROMIC,1.6,ColorMatic Grey,7,-,4600,-,70,6,-10,0,-4,STANDARD,No,0,ATO,,,,,Full
Rodenstock ,Impression B.I.G. NORM Mono Sport,Custom SV,PHOTOCHROMIC,1.5,ColorMatic Grey,7,-,4650,-,70,4,-5,0,-4,STANDARD,No,0,ATO,,,,,Full
Rodenstock ,Impression B.I.G. NORM Mono Sport,Custom SV,PHOTOCHROMIC,1.6,ColorMatic Grey,7,-,4750,-,70,4,-6,0,-4,STANDARD,No,0,ATO,,,,,Full
Rodenstock ,Impression B.I.G. NORM Mono,Custom SV,PHOTOCHROMIC,1.67,ColorMatic Grey,7,-,4800,-,70,6,-12,0,-4,STANDARD,No,0,ATO,,,,,Full
Rodenstock ,Impression B.I.G. NORM Mono Plus,Anti-Fatigue,PHOTOCHROMIC,1.67,ColorMatic Grey,7,-,5000,-,70,6,-12,0,-4,STANDARD,No,0,ATO,,,,,Full
Rodenstock ,Impression B.I.G. NORM Mono Sport,Custom SV,PHOTOCHROMIC,1.67,ColorMatic Grey,7,-,5050,-,70,4,-6,0,-4,STANDARD,No,0,ATO,,,,,Full
Seiko , SmartZoom,Anti-Fatigue,PHOTOCHROMIC,1.5," Sensity 2 Brown, Grey, Green",7,-,1700,1950,70,0,-9,0,-5,STANDARD,No,0,ATO,,,,,Partial
Seiko , SmartZoom Xceed,Anti-Fatigue,PHOTOCHROMIC,1.5," Sensity 2 Brown, Grey, Green",7,-,1900,2250,70,12,-16,0,-6,STANDARD,No,0,ATO,,,,,Full
Seiko , SmartZoom,Anti-Fatigue,PHOTOCHROMIC,1.6," Sensity 2 Brown, Grey, Green",7,-,2000,2450,70,4,-6,0,-5,STANDARD,No,0,ATO,,,,,Partial
Seiko ,Single Vision RX ASP,Custom SV,PHOTOCHROMIC,1.6," Sensity 2 Brown, Grey, Green",7,-,2050,2200,70,0,-9,0,-5,STANDARD,No,0,ASP,,,,,Partial
Seiko , I Xceed,Custom SV,PHOTOCHROMIC,1.5," Sensity 2 Brown, Grey, Green",7,-,2150,2500,70,6,-12,0,-5,STANDARD,No,0,ATO,,,,,Full
Seiko , SmartZoom Xceed,Anti-Fatigue,PHOTOCHROMIC,1.6," Sensity 2 Brown, Grey, Green",7,-,2200,2650,70,12,-14,0,-6,STANDARD,No,0,ATO,,,,,Full
Seiko ,Single Vision RX ASP,Custom SV,PHOTOCHROMIC,1.67," Sensity 2 Brown, Grey, Green",7,-,2350,2500,70,4,-6,0,-5,STANDARD,No,0,ASP,,,,,Partial
Seiko , A-Zone Base 5 - Wide View Aspheric for Base 5,Custom SV,PHOTOCHROMIC,1.6," Sensity 2 Brown, Grey, Green",7,-,2650,2800,70,6,-12,0,-5,STANDARD,No,0,DAS,,,,,Full
Seiko , I Xceed,Custom SV,PHOTOCHROMIC,1.6," Sensity 2 Brown, Grey, Green",7,-,2650,2800,70,6,-10,0,-5,STANDARD,No,0,ATO,,,,,Full
Seiko ,A-Zone Base 3 - Wide View Aspheric for Base 3,Custom SV,PHOTOCHROMIC,1.6," Sensity 2 Brown, Grey, Green",7,-,2650,2800,70,12,-12,0,-6,STANDARD,No,0,DAS,,,,,Full
Seiko , SmartZoom Xceed,Anti-Fatigue,PHOTOCHROMIC,1.67," Sensity 2 Brown, Grey, Green",7,-,2900,3350,70,10,-12,0,-6,STANDARD,No,0,ATO,,,,,Full
Seiko , A-Zone Base 5 - Wide View Aspheric for Base 5,Custom SV,PHOTOCHROMIC,1.67," Sensity 2 Brown, Grey, Green",7,-,2950,3100,70,6,-12,0,-5,STANDARD,No,0,DAS,,,,,Full
Seiko ,A-Zone Base 3 - Wide View Aspheric for Base 3,Custom SV,PHOTOCHROMIC,1.67," Sensity 2 Brown, Grey, Green",7,-,2950,3100,70,8,-10,0,-5,STANDARD,No,0,DAS,,,,,Full
Seiko , SmartZoom,Anti-Fatigue,PHOTOCHROMIC,1.67," Sensity 2 Brown, Grey, Green",7,-,3000,3150,70,0,-8,0,-5,STANDARD,No,0,ATO,,,,,Partial
Seiko , I Xceed,Custom SV,PHOTOCHROMIC,1.67," Sensity 2 Brown, Grey, Green",7,-,3350,3500,70,6,-7.5,0,-5,STANDARD,No,0,ATO,,,,,Full
Seiko , SmartZoom,Anti-Fatigue,PHOTOCHROMIC,1.5,Sensity Fast Grey / Dark Grey,7,-,1600,1850,70,10,-20,0,-6,STANDARD,No,0,ATO,,,,,Partial
Seiko , SmartZoom Xceed,Anti-Fatigue,PHOTOCHROMIC,1.5,Sensity Fast Grey / Dark Grey,7,-,1800,2250,70,10,-12,0,-6,STANDARD,No,0,ATO,,,,,Full
Seiko , SmartZoom,Anti-Fatigue,PHOTOCHROMIC,1.6,Sensity Fast Grey / Dark Grey,7,-,1900,2350,70,10,-15,0,-5,STANDARD,No,0,ATO,,,,,Partial
Seiko ,Single Vision RX ASP,Custom SV,PHOTOCHROMIC,1.6,Sensity Fast Grey / Dark Grey,7,-,1950,2100,70,0,-8,0,-5,STANDARD,No,0,ASP,,,,,Partial
Seiko , SmartZoom Xceed,Anti-Fatigue,PHOTOCHROMIC,1.6,Sensity Fast Grey / Dark Grey,7,-,2100,2550,70,12,-14,0,-6,STANDARD,No,0,ATO,,,,,Full
Seiko ,Single Vision RX ASP,Custom SV,PHOTOCHROMIC,1.67,Sensity Fast Grey / Dark Grey,7,-,2150,2300,70,5,-7,0,-5,STANDARD,No,0,ASP,,,,,Partial
Seiko , I Xceed,Custom SV,PHOTOCHROMIC,1.5,Sensity Fast Grey / Dark Grey,7,-,2250,2400,70,6,-12,0,-5,STANDARD,No,0,ATO,,,,,Full
Seiko , A-Zone Base 5 - Wide View Aspheric for Base 5,Custom SV,PHOTOCHROMIC,1.6,Sensity Fast Grey / Dark Grey,7,-,2550,2700,70,6,-12,0,-5,STANDARD,No,0,DAS,,,,,Full
Seiko , I Xceed,Custom SV,PHOTOCHROMIC,1.6,Sensity Fast Grey / Dark Grey,7,-,2550,2700,70,6,-10,0,-5,STANDARD,No,0,ATO,,,,,Full
Seiko ,A-Zone Base 3 - Wide View Aspheric for Base 3,Custom SV,PHOTOCHROMIC,1.6,Sensity Fast Grey / Dark Grey,7,-,2550,2700,70,10,-12,0,-6,STANDARD,No,0,DAS,,,,,Full
Seiko , SmartZoom Xceed,Anti-Fatigue,PHOTOCHROMIC,1.67,Sensity Fast Grey / Dark Grey,7,-,2800,3250,70,10,-12,0,-6,STANDARD,No,0,ATO,,,,,Full
Seiko , A-Zone Base 5 - Wide View Aspheric for Base 5,Custom SV,PHOTOCHROMIC,1.67,Sensity Fast Grey / Dark Grey,7,-,2850,3000,70,6,-10,0,-5,STANDARD,No,0,DAS,,,,,Full
Seiko ,A-Zone Base 3 - Wide View Aspheric for Base 3,Custom SV,PHOTOCHROMIC,1.67,Sensity Fast Grey / Dark Grey,7,-,2850,3000,70,10,-12,0,-6,STANDARD,No,0,DAS,,,,,Full
Seiko , SmartZoom,Anti-Fatigue,PHOTOCHROMIC,1.67,Sensity Fast Grey / Dark Grey,7,-,2900,3050,70,10,-12,0,-4,STANDARD,No,0,ATO,,,,,Partial
Seiko , I Xceed,Custom SV,PHOTOCHROMIC,1.67,Sensity Fast Grey / Dark Grey,7,-,3250,3400,70,6,-7.5,0,-5,STANDARD,No,0,ATO,,,,,Full
Advance Lens,RX Single Vision,Custom SV,POLARIZED,1.5,Grey / Brown,7,640,-,-,70,4,-6,0,-4,STANDARD,No,0,SPH,,,,,Partial
Advance Lens,RX Single Vision,Custom SV,POLARIZED,1.5,Polarized Gloss Mirror Grey / Brown,7,790,-,-,70,4,-6,0,-4,STANDARD,No,0,SPH,,,,,Partial
Advance Lens,Stock Single Vision,Stock SV,POLARIZED,1.56,Grey / Brown,3,310,-,-,70,0,0,0,0,STANDARD,No,150,NONE,,,,,None
Advance Lens,Stock Single Vision,Stock SV,POLARIZED,1.59,Grey / Brown,3,340,-,-,70,0,0,0,0,HIGH,No,150,NONE,,,,,None
Advance Lens,Stock Single Vision,Stock SV,POLARIZED,1.56,Polarized Gloss Mirror Grey / Brown,3,400,-,-,70,0,0,0,0,STANDARD,No,150,NONE,,,,,None
Opto-tech ,Anti-Fatigue Freeform Functional,Anti-Fatigue,POLARIZED,1.5,NuPolar Grey   ,7,1400,-,1500,70,4,-6,0,-4,STANDARD,No,0,ATO,,,,,Partial
Opto-tech ,Anti-Fatigue Freeform Functional,Anti-Fatigue,POLARIZED,1.6,NuPolar Grey   ,7,1480,-,1580,70,4,-8,0,-4,STANDARD,No,0,ATO,,,,,Partial
Opto-tech ,Anti-Fatigue Freeform Functional,Anti-Fatigue,POLARIZED,1.67,NuPolar Grey   ,7,1980,-,2080,70,4,-10,0,-4,STANDARD,No,0,ATO,,,,,Partial
Opto-tech ,Anti-Fatigue Freeform Functional,Anti-Fatigue,POLARIZED,1.5,Polarized    ,7,1120,-,1220,70,4,-6,0,-4,STANDARD,No,0,ATO,,,,,Partial
Opto-tech ,Anti-Fatigue Freeform Functional,Anti-Fatigue,POLARIZED,1.53,Transitions Drivewear (Impact Resistant)  ,7,2130,-,2230,70,4,-6,0,-4,HIGH,No,0,ATO,,,,,Partial
Opto-tech ,ASV Sports Dynamic Sun Lens,Custom SV,POLARIZED,1.5,Gloss Mirror Polarized  ,7,1095,-,1195,70,4,-6,0,-4,STANDARD,No,0,ATO,,,,,Full
Opto-tech ,ASV Sports Dynamic Sun Lens,Custom SV,POLARIZED,1.5,NuPolar Grey   ,7,1185,-,1285,70,4,-6,0,-4,STANDARD,No,0,ATO,,,,,Full
Opto-tech ,ASV Sports Dynamic Sun Lens,Custom SV,POLARIZED,1.6,NuPolar Grey   ,7,1545,-,1645,70,4,-8,0,-4,STANDARD,No,0,ATO,,,,,Full
Opto-tech ,ASV Sports Dynamic Sun Lens,Custom SV,POLARIZED,1.67,NuPolar Grey   ,7,2045,-,2145,70,4,-10,0,-4,STANDARD,No,0,ATO,,,,,Full
Opto-tech ,ASV Sports Dynamic Sun Lens,Custom SV,POLARIZED,1.5,Polarized    ,7,995,-,1095,70,4,-6,0,-4,STANDARD,No,0,ATO,,,,,Full
Opto-tech ,ASV Sports Dynamic Sun Lens,Custom SV,POLARIZED,1.53,Transitions Drivewear (Impact Resistant)  ,7,2195,2295,2295,70,4,-6,0,-4,HIGH,No,0,ATO,,,,,Full
Opto-tech ,Atoric Single Vision (ASV),Custom SV,POLARIZED,1.5,NuPolar Grey   ,7,985,-,1085,70,4,-6,0,-4,STANDARD,No,0,ATO,,,,,Partial
Opto-tech ,Atoric Single Vision (ASV),Custom SV,POLARIZED,1.6,NuPolar Grey   ,7,1345,-,1445,70,4,-8,0,-4,STANDARD,No,0,ATO,,,,,Partial
Opto-tech ,Atoric Single Vision (ASV),Custom SV,POLARIZED,1.67,NuPolar Grey   ,7,1945,-,2045,70,4,-10,0,-4,STANDARD,No,0,ATO,,,,,Partial
Opto-tech ,Atoric Single Vision (ASV),Custom SV,POLARIZED,1.5,Polarized    ,7,795,-,895,70,4,-6,0,-4,STANDARD,No,0,ATO,,,,,Partial
Opto-tech ,Atoric Single Vision (ASV),Custom SV,POLARIZED,1.53,Transitions Drivewear (Impact Resistant)  ,7,1995,-,2095,70,4,-6,0,-4,HIGH,No,0,ATO,,,,,Partial
Pentax , Energy,Anti-Fatigue,POLARIZED,1.5, Grey,7,1650,1800, -,70,3,-8,0,-4,STANDARD,No,0,ATO,,,,,Partial
Pentax , Energy,Anti-Fatigue,POLARIZED,1.6, Grey,7,2450,2600, -,70,4.5,-10,0,-4,STANDARD,No,0,ATO,,,,,Partial
Pentax , Energy,Anti-Fatigue,POLARIZED,1.59, Grey,7,2200,2350, -,70,6,-10,0,-4,HIGH,No,0,ATO,,,,,Partial
Pentax ,Single Vision SPH Spheric,Custom SV,POLARIZED,1.6, Grey,7,2300,2450, -,70,6,-10,0,-4,STANDARD,No,0,SPH,,,,,Partial
Pentax ,Single Vision SPH Spheric,Custom SV,POLARIZED,1.5, Grey,7,1500,1650, -,70,7,-8,0,-4,STANDARD,No,0,SPH,,,,,Partial
Pentax ,Single Vision SPH Spheric,Custom SV,POLARIZED,1.59, Grey,7,2050,2200, -,70,9,-9,0,-6,HIGH,No,0,SPH,,,,,Partial
Rodenstock , MyCon,Myopia Control,POLARIZED,1.54, Grey,7,2110, -, -,70,0,-6,0,-4,STANDARD,No,0,-,,,,,
Rodenstock , MyCon,Myopia Control,POLARIZED,1.6, Grey,7,2310, -, -,70,0,-6,0,-4,STANDARD,No,0,-,,,,,
Rodenstock , MyCon,Myopia Control,POLARIZED,1.67, Grey,7,2610, -, -,70,0,-6,0,-4,STANDARD,No,0,-,,,,,
Rodenstock , MyCon,Myopia Control,POLARIZED,1.74, Grey,7,3210, -, -,70,0,-6,0,-4,STANDARD,No,0,-,,,,,
Rodenstock , MyCon 2,Myopia Control,POLARIZED,1.54, Grey,7,2610, -, -,70,0,-6,0,-4,STANDARD,No,0,-,,,,,
Rodenstock , MyCon 2,Myopia Control,POLARIZED,1.6, Grey,7,2810, -, -,70,0,-6,0,-4,STANDARD,No,0,-,,,,,
Rodenstock , MyCon 2,Myopia Control,POLARIZED,1.67, Grey,7,3110, -, -,70,0,-6,0,-4,STANDARD,No,0,-,,,,,
Rodenstock , MyCon 2,Myopia Control,POLARIZED,1.74, Grey,7,3710, -, -,70,0,-6,0,-4,STANDARD,No,0,-,,,,,
Rodenstock ,Impression B.I.G. NORM Mono Sport,Custom SV,POLARIZED,1.5, Grey,7,4500,-,-,70,4,-5,0,-4,STANDARD,No,0,ATO,,,,,Full
Rodenstock ,Impression B.I.G. NORM Mono Sport,Custom SV,POLARIZED,1.6, Grey,7,4600,-,-,70,4,-6,0,-4,STANDARD,No,0,ATO,,,,,Full
Rodenstock ,Impression B.I.G. NORM Mono Sport,Custom SV,POLARIZED,1.67, Grey,7,4900,-,-,70,4,-6,0,-4,STANDARD,No,0,ATO,,,,,Full
Seiko , I Xceed,Custom SV,POLARIZED,1.6, Grey,7,2200,2400,2800,70,6,-10,0,-5,STANDARD,Yes,150,ATO,,,,,Full
Seiko , I Xceed,Custom SV,POLARIZED,1.67, Grey,7,3200,3400,3500,70,6,-7.5,0,-5,STANDARD,Yes,150,ATO,,,,,Full
Advance Lens,RX Single Vision,Custom SV,TINTED,1.5,Grey / Brown,7,340,-,-,70,4,-6,0,-4,STANDARD,Already,0,SPH,,,,,Partial
Advance Lens,RX Single Vision,Custom SV,TINTED,1.56,Grey / Brown,7,550,-,-,70,4,-8,0,-4,STANDARD,Already,0,SPH,,,,,Partial
Advance Lens,RX Single Vision,Custom SV,TINTED,1.6,Grey / Brown,7,550,-,-,70,4,-10,0,-4,STANDARD,Already,0,SPH,,,,,Partial
Advance Lens,RX Single Vision,Custom SV,TINTED,1.67,Grey / Brown,7,640,-,-,70,4,-12,0,-4,STANDARD,Already,0,SPH,,,,,Partial
Advance Lens,RX Single Vision,Custom SV,TINTED,1.53,Grey / Brown,7,790,-,-,70,4,-6,0,-4,HIGH,Already,0,SPH,,,,,Partial
Advance Lens,Stock Single Vision,Stock SV,TINTED,1.56,Grey / Brown,3,220,-,-,70,0,0,0,0,STANDARD,Already,150,NONE,,,,,None
Advance Lens,Stock Single Vision,Stock SV,TINTED,1.59,Grey / Brown,3,220,-,-,70,0,0,0,0,HIGH,Already,150,NONE,,,,,None
Advance Lens,Stock Single Vision,Stock SV,TINTED,1.56,Tinted Gloss Mirror Grey / Brown,3,340,-,-,70,0,0,0,0,STANDARD,Already,150,NONE,,,,,None
Rodenstock , MyCon,Myopia Control,TINTED,1.54, ColorMatic Sun (tinted adaptive sunglasses),7,2210, -, -,70,0,-8,0,-4,STANDARD,Already,0,-,,,,,
Rodenstock , MyCon,Myopia Control,TINTED,1.6, ColorMatic Sun (tinted adaptive sunglasses),7,2410, -, -,70,0,-10,0,-6,STANDARD,Already,0,-,,,,,
Rodenstock , MyCon,Myopia Control,TINTED,1.67, ColorMatic Sun (tinted adaptive sunglasses),7,2710, -, -,70,0,-12,0,-6,STANDARD,Already,0,-,,,,,
Rodenstock , MyCon,Myopia Control,TINTED,1.74, ColorMatic Sun (tinted adaptive sunglasses),7,3310, -, -,70,0,-12,0,-6,STANDARD,Already,0,-,,,,,
Rodenstock , MyCon 2,Myopia Control,TINTED,1.54, ColorMatic Sun (tinted adaptive sunglasses),7,2710, -, -,70,0,-8,0,-4,STANDARD,Already,0,-,,,,,
Rodenstock , MyCon 2,Myopia Control,TINTED,1.6, ColorMatic Sun (tinted adaptive sunglasses),7,2910, -, -,70,0,-10,0,-6,STANDARD,Already,0,-,,,,,
Rodenstock , MyCon 2,Myopia Control,TINTED,1.67, ColorMatic Sun (tinted adaptive sunglasses),7,3210, -, -,70,0,-12,0,-6,STANDARD,Already,0,-,,,,,
Rodenstock , MyCon 2,Myopia Control,TINTED,1.74, ColorMatic Sun (tinted adaptive sunglasses),7,3810, -, -,70,0,-12,0,-6,STANDARD,Already,0,-,,,,,
Rodenstock ,Impression B.I.G. NORM Mono,Custom SV,TINTED,1.6, ColorMatic Sun (tinted adaptive sunglasses),7,4350,-,-,70,6,-10,0,-4,STANDARD,Already,0,ATO,,,,,Full
Rodenstock ,Impression B.I.G. NORM Mono Plus,Anti-Fatigue,TINTED,1.6, ColorMatic Sun (tinted adaptive sunglasses),7,4550,-,-,70,6,-10,0,-4,STANDARD,Already,0,ATO,,,,,Full
Rodenstock ,Impression B.I.G. NORM Mono Sport,Custom SV,TINTED,1.5,ColorMatic Sun,7,4600,-,-,70,4,-5,0,-4,STANDARD,Already,0,ATO,,,,,Full
Rodenstock ,Impression B.I.G. NORM Mono Sport,Custom SV,TINTED,1.6,ColorMatic Sun,7,4600,-,-,70,4,-6,0,-4,STANDARD,Already,0,ATO,,,,,Full
Rodenstock ,Impression B.I.G. NORM Mono Sport,Custom SV,TINTED,1.67,ColorMatic Sun,7,4900,-,-,70,4,-6,0,-4,STANDARD,Already,0,ATO,,,,,Full
Rodenstock ,Multigressiv B.I.G. NORM Mono,Custom SV,TINTED,1.6, ColorMatic Sun (tinted adaptive sunglasses),7,3850,-,-,70,6,-10,0,-4,STANDARD,Already,0,ATO,,,,,Full
Rodenstock ,Multigressiv B.I.G. NORM Mono Plus,Anti-Fatigue,TINTED,1.6, ColorMatic Sun (tinted adaptive sunglasses),7,4050,-,-,70,6,-10,0,-4,STANDARD,Already,0,ATO,,,,,Partial
